{
  "num_requests": 200,
  "num_successful": 200.0,
  "num_failed": 0,
  "ttft_p50_ms": 20267.55851507187,
  "ttft_p95_ms": 58761.83437108993,
  "ttft_p99_ms": 64432.803572416306,
  "total_latency_p50_ms": 55013.17596435547,
  "total_latency_p95_ms": 107321.9356417656,
  "total_latency_p99_ms": 107389.7703742981,
  "tpot_p50_ms": 73.64086127327846,
  "tpot_p95_ms": 103.73415513047966,
  "tpot_p99_ms": 108.97140164883385,
  "throughput_tok_per_sec": 910.0697528146729,
  "gpu_utilization_mean": 99.80841797590972,
  "gpu_utilization_p50": 100.0,
  "engine": "sglang",
  "concurrency": 128,
  "wall_time_ms": 109904.7682872042,
  "model_id": "meta-llama/Llama-3.1-8B-Instruct",
  "model_short_name": "Llama-3.1-8B-Instruct",
  "repeats": 2,
  "throughput_tok_per_sec_mean": 910.0697528146729,
  "throughput_tok_per_sec_std": 10.271145461912283,
  "ttft_p50_ms_mean": 20267.55851507187,
  "ttft_p50_ms_std": 625.5794167518616,
  "ttft_p99_ms_mean": 64432.803572416306,
  "ttft_p99_ms_std": 2850.5500042438507,
  "tpot_p50_ms_mean": 73.64086127327846,
  "tpot_p50_ms_std": 1.544709191630261,
  "gpu_utilization_mean_mean": 99.80841797590972,
  "gpu_utilization_mean_std": 0.01838238872110054,
  "num_successful_mean": 200.0,
  "num_successful_std": 0.0,
  "runs": [
    {
      "num_requests": 200,
      "num_successful": 200,
      "num_failed": 0,
      "ttft_p50_ms": 19641.979098320007,
      "ttft_p95_ms": 58761.83437108993,
      "ttft_p99_ms": 61582.253568172455,
      "total_latency_p50_ms": 55013.17596435547,
      "total_latency_p95_ms": 107321.9356417656,
      "total_latency_p99_ms": 107389.7703742981,
      "tpot_p50_ms": 75.18557046490872,
      "tpot_p95_ms": 103.73415513047966,
      "tpot_p99_ms": 108.97140164883385,
      "throughput_tok_per_sec": 920.3408982765852,
      "gpu_utilization_mean": 99.82680036463081,
      "gpu_utilization_p50": 100.0,
      "engine": "sglang",
      "concurrency": 128,
      "wall_time_ms": 109904.7682872042,
      "model_id": "meta-llama/Llama-3.1-8B-Instruct",
      "model_short_name": "Llama-3.1-8B-Instruct"
    },
    {
      "num_requests": 200,
      "num_successful": 200,
      "num_failed": 0,
      "ttft_p50_ms": 20893.13793182373,
      "ttft_p95_ms": 60456.78807497024,
      "ttft_p99_ms": 67283.35357666016,
      "total_latency_p50_ms": 55158.84053707123,
      "total_latency_p95_ms": 107687.88330554962,
      "total_latency_p99_ms": 107841.08884811401,
      "tpot_p50_ms": 72.0961520816482,
      "tpot_p95_ms": 103.133465501032,
      "tpot_p99_ms": 106.61164481112635,
      "throughput_tok_per_sec": 899.7986073527607,
      "gpu_utilization_mean": 99.79003558718861,
      "gpu_utilization_p50": 100.0,
      "engine": "sglang",
      "concurrency": 128,
      "wall_time_ms": 112544.06202584505,
      "model_id": "meta-llama/Llama-3.1-8B-Instruct",
      "model_short_name": "Llama-3.1-8B-Instruct"
    }
  ]
}