{
  "num_requests": 200,
  "num_successful": 200.0,
  "num_failed": 0,
  "ttft_p50_ms": 231.73397779464722,
  "ttft_p95_ms": 1044.762909412384,
  "ttft_p99_ms": 1047.3500871658325,
  "total_latency_p50_ms": 5984.882950782776,
  "total_latency_p95_ms": 7187.459075450897,
  "total_latency_p99_ms": 7192.497336864471,
  "tpot_p50_ms": 11.259737896592648,
  "tpot_p95_ms": 12.02098884694497,
  "tpot_p99_ms": 12.040436006182947,
  "throughput_tok_per_sec": 83.85085743512683,
  "gpu_utilization_mean": 99.77654171879573,
  "gpu_utilization_p50": 100.0,
  "engine": "sglang",
  "concurrency": 1,
  "wall_time_ms": 1206953.262093477,
  "model_id": "meta-llama/Llama-3.1-8B-Instruct",
  "model_short_name": "Llama-3.1-8B-Instruct",
  "repeats": 2,
  "throughput_tok_per_sec_mean": 83.85085743512683,
  "throughput_tok_per_sec_std": 0.019516091209851538,
  "ttft_p50_ms_mean": 231.73397779464722,
  "ttft_p50_ms_std": 0.13619661331176758,
  "ttft_p99_ms_mean": 1047.3500871658325,
  "ttft_p99_ms_std": 0.6514239311218262,
  "tpot_p50_ms_mean": 11.259737896592648,
  "tpot_p50_ms_std": 4.024188345930213e-05,
  "gpu_utilization_mean_mean": 99.77654171879573,
  "gpu_utilization_mean_std": 0.0004931169315440798,
  "num_successful_mean": 200.0,
  "num_successful_std": 0.0,
  "runs": [
    {
      "num_requests": 200,
      "num_successful": 200,
      "num_failed": 0,
      "ttft_p50_ms": 231.87017440795898,
      "ttft_p95_ms": 1044.762909412384,
      "ttft_p99_ms": 1048.0015110969543,
      "total_latency_p50_ms": 5984.882950782776,
      "total_latency_p95_ms": 7187.459075450897,
      "total_latency_p99_ms": 7192.497336864471,
      "tpot_p50_ms": 11.25969765470919,
      "tpot_p95_ms": 12.02098884694497,
      "tpot_p99_ms": 12.040436006182947,
      "throughput_tok_per_sec": 83.83134134391698,
      "gpu_utilization_mean": 99.77604860186418,
      "gpu_utilization_p50": 100.0,
      "engine": "sglang",
      "concurrency": 1,
      "wall_time_ms": 1206953.262093477,
      "model_id": "meta-llama/Llama-3.1-8B-Instruct",
      "model_short_name": "Llama-3.1-8B-Instruct"
    },
    {
      "num_requests": 200,
      "num_successful": 200,
      "num_failed": 0,
      "ttft_p50_ms": 231.59778118133545,
      "ttft_p95_ms": 1044.8930978775024,
      "ttft_p99_ms": 1046.6986632347107,
      "total_latency_p50_ms": 5985.497236251831,
      "total_latency_p95_ms": 7186.44073009491,
      "total_latency_p99_ms": 7190.967519283295,
      "tpot_p50_ms": 11.259778138476108,
      "tpot_p95_ms": 12.02158566323745,
      "tpot_p99_ms": 12.026429144975308,
      "throughput_tok_per_sec": 83.87037352633668,
      "gpu_utilization_mean": 99.77703483572726,
      "gpu_utilization_p50": 100.0,
      "engine": "sglang",
      "concurrency": 1,
      "wall_time_ms": 1216512.1796904132,
      "model_id": "meta-llama/Llama-3.1-8B-Instruct",
      "model_short_name": "Llama-3.1-8B-Instruct"
    }
  ]
}