{
  "num_requests": 200,
  "num_successful": 200,
  "num_failed": 0,
  "ttft_p50_ms": 8745.410323143005,
  "ttft_p95_ms": 16501.623904705048,
  "ttft_p99_ms": 17775.552051067352,
  "total_latency_p50_ms": 37758.81218910217,
  "total_latency_p95_ms": 39978.17223072052,
  "total_latency_p99_ms": 40016.201848983765,
  "tpot_p50_ms": 56.539130275830686,
  "tpot_p95_ms": 75.67386608534363,
  "tpot_p99_ms": 76.21687046002502,
  "throughput_tok_per_sec": 838.2442163014884,
  "gpu_utilization_mean": 99.77178423236515,
  "gpu_utilization_p50": 100.0,
  "engine": "sglang",
  "concurrency": 64,
  "wall_time_ms": 120682.55792371929,
  "model_id": "meta-llama/Llama-3.1-8B-Instruct",
  "model_short_name": "Llama-3.1-8B-Instruct"
}