{
  "num_requests": 200,
  "num_successful": 200,
  "num_failed": 0,
  "ttft_p50_ms": 231.59778118133545,
  "ttft_p95_ms": 1044.8930978775024,
  "ttft_p99_ms": 1046.6986632347107,
  "total_latency_p50_ms": 5985.497236251831,
  "total_latency_p95_ms": 7186.44073009491,
  "total_latency_p99_ms": 7190.967519283295,
  "tpot_p50_ms": 11.259778138476108,
  "tpot_p95_ms": 12.02158566323745,
  "tpot_p99_ms": 12.026429144975308,
  "throughput_tok_per_sec": 83.87037352633668,
  "gpu_utilization_mean": 99.77703483572726,
  "gpu_utilization_p50": 100.0,
  "engine": "sglang",
  "concurrency": 1,
  "wall_time_ms": 1216512.1796904132,
  "model_id": "meta-llama/Llama-3.1-8B-Instruct",
  "model_short_name": "Llama-3.1-8B-Instruct"
}