{
  "num_requests": 200,
  "num_successful": 200,
  "num_failed": 0,
  "ttft_p50_ms": 477.217435836792,
  "ttft_p95_ms": 1897.2712993621763,
  "ttft_p99_ms": 2615.0763297080994,
  "total_latency_p50_ms": 9371.46246433258,
  "total_latency_p95_ms": 11217.64268875122,
  "total_latency_p99_ms": 12400.001270771027,
  "tpot_p50_ms": 17.246245621107093,
  "tpot_p95_ms": 20.632953419331393,
  "tpot_p99_ms": 24.139472274219287,
  "throughput_tok_per_sec": 430.24028068256706,
  "gpu_utilization_mean": 99.80136402387042,
  "gpu_utilization_p50": 100.0,
  "engine": "sglang",
  "concurrency": 8,
  "wall_time_ms": 234985.0960765034,
  "model_id": "meta-llama/Llama-3.1-8B-Instruct",
  "model_short_name": "Llama-3.1-8B-Instruct"
}