{
  "num_requests": 200,
  "num_successful": 200.0,
  "num_failed": 0,
  "ttft_p50_ms": 8852.285325527191,
  "ttft_p95_ms": 16703.868293762207,
  "ttft_p99_ms": 18193.677473068237,
  "total_latency_p50_ms": 37731.85873031616,
  "total_latency_p95_ms": 40856.51117563248,
  "total_latency_p99_ms": 40892.70850658417,
  "tpot_p50_ms": 56.41530659782343,
  "tpot_p95_ms": 76.51987938746052,
  "tpot_p99_ms": 78.49527675589299,
  "throughput_tok_per_sec": 837.6468489080025,
  "gpu_utilization_mean": 99.80733850022247,
  "gpu_utilization_p50": 100.0,
  "engine": "sglang",
  "concurrency": 64,
  "wall_time_ms": 121231.5474897623,
  "model_id": "meta-llama/Llama-3.1-8B-Instruct",
  "model_short_name": "Llama-3.1-8B-Instruct",
  "repeats": 2,
  "throughput_tok_per_sec_mean": 837.6468489080025,
  "throughput_tok_per_sec_std": 0.5973673934858539,
  "ttft_p50_ms_mean": 8852.285325527191,
  "ttft_p50_ms_std": 106.87500238418579,
  "ttft_p99_ms_mean": 18193.677473068237,
  "ttft_p99_ms_std": 418.125422000885,
  "tpot_p50_ms_mean": 56.41530659782343,
  "tpot_p50_ms_std": 0.12382367800725902,
  "gpu_utilization_mean_mean": 99.80733850022247,
  "gpu_utilization_mean_std": 0.035554267857328625,
  "num_successful_mean": 200.0,
  "num_successful_std": 0.0,
  "runs": [
    {
      "num_requests": 200,
      "num_successful": 200,
      "num_failed": 0,
      "ttft_p50_ms": 8959.160327911377,
      "ttft_p95_ms": 16703.868293762207,
      "ttft_p99_ms": 18611.802895069122,
      "total_latency_p50_ms": 37731.85873031616,
      "total_latency_p95_ms": 40856.51117563248,
      "total_latency_p99_ms": 40892.70850658417,
      "tpot_p50_ms": 56.29148291981617,
      "tpot_p95_ms": 76.51987938746052,
      "tpot_p99_ms": 78.49527675589299,
      "throughput_tok_per_sec": 837.0494815145167,
      "gpu_utilization_mean": 99.8428927680798,
      "gpu_utilization_p50": 100.0,
      "engine": "sglang",
      "concurrency": 64,
      "wall_time_ms": 121231.5474897623,
      "model_id": "meta-llama/Llama-3.1-8B-Instruct",
      "model_short_name": "Llama-3.1-8B-Instruct"
    },
    {
      "num_requests": 200,
      "num_successful": 200,
      "num_failed": 0,
      "ttft_p50_ms": 8745.410323143005,
      "ttft_p95_ms": 16501.623904705048,
      "ttft_p99_ms": 17775.552051067352,
      "total_latency_p50_ms": 37758.81218910217,
      "total_latency_p95_ms": 39978.17223072052,
      "total_latency_p99_ms": 40016.201848983765,
      "tpot_p50_ms": 56.539130275830686,
      "tpot_p95_ms": 75.67386608534363,
      "tpot_p99_ms": 76.21687046002502,
      "throughput_tok_per_sec": 838.2442163014884,
      "gpu_utilization_mean": 99.77178423236515,
      "gpu_utilization_p50": 100.0,
      "engine": "sglang",
      "concurrency": 64,
      "wall_time_ms": 120682.55792371929,
      "model_id": "meta-llama/Llama-3.1-8B-Instruct",
      "model_short_name": "Llama-3.1-8B-Instruct"
    }
  ]
}