{
  "num_requests": 200,
  "num_successful": 200,
  "num_failed": 0,
  "ttft_p50_ms": 530.380129814148,
  "ttft_p95_ms": 2262.36556768417,
  "ttft_p99_ms": 2812.9762148857108,
  "total_latency_p50_ms": 9378.520727157593,
  "total_latency_p95_ms": 11615.73759317398,
  "total_latency_p99_ms": 12560.599145889282,
  "tpot_p50_ms": 16.705094131768917,
  "tpot_p95_ms": 20.743672141674097,
  "tpot_p99_ms": 23.534991357840738,
  "throughput_tok_per_sec": 429.04989904166746,
  "gpu_utilization_mean": 99.83090753424658,
  "gpu_utilization_p50": 100.0,
  "engine": "sglang",
  "concurrency": 8,
  "wall_time_ms": 235363.70411980897,
  "model_id": "meta-llama/Llama-3.1-8B-Instruct",
  "model_short_name": "Llama-3.1-8B-Instruct"
}