{
  "num_requests": 200,
  "num_successful": 200.0,
  "num_failed": 0,
  "ttft_p50_ms": 38341.11249446869,
  "ttft_p95_ms": 80765.64538478851,
  "ttft_p99_ms": 88256.20690464973,
  "total_latency_p50_ms": 87088.51456642151,
  "total_latency_p95_ms": 108020.3406214714,
  "total_latency_p99_ms": 108067.84873485565,
  "tpot_p50_ms": 76.0475675278618,
  "tpot_p95_ms": 105.81344908147346,
  "tpot_p99_ms": 115.54619173893387,
  "throughput_tok_per_sec": 914.7635636778821,
  "gpu_utilization_mean": 99.713833427537,
  "gpu_utilization_p50": 100.0,
  "engine": "sglang",
  "concurrency": 256,
  "wall_time_ms": 108541.28290247172,
  "model_id": "meta-llama/Llama-3.1-8B-Instruct",
  "model_short_name": "Llama-3.1-8B-Instruct",
  "repeats": 2,
  "throughput_tok_per_sec_mean": 914.7635636778821,
  "throughput_tok_per_sec_std": 9.077136597547053,
  "ttft_p50_ms_mean": 38341.11249446869,
  "ttft_p50_ms_std": 5009.180784225464,
  "ttft_p99_ms_mean": 88256.20690464973,
  "ttft_p99_ms_std": 5785.477908849716,
  "tpot_p50_ms_mean": 76.0475675278618,
  "tpot_p50_ms_std": 1.4879615430900088,
  "gpu_utilization_mean_mean": 99.713833427537,
  "gpu_utilization_mean_std": 0.038232688165471984,
  "num_successful_mean": 200.0,
  "num_successful_std": 0.0,
  "runs": [
    {
      "num_requests": 200,
      "num_successful": 200,
      "num_failed": 0,
      "ttft_p50_ms": 33331.931710243225,
      "ttft_p95_ms": 80765.64538478851,
      "ttft_p99_ms": 82470.72899580002,
      "total_latency_p50_ms": 87088.51456642151,
      "total_latency_p95_ms": 108020.3406214714,
      "total_latency_p99_ms": 108067.84873485565,
      "tpot_p50_ms": 77.53552907095181,
      "tpot_p95_ms": 105.81344908147346,
      "tpot_p99_ms": 115.54619173893387,
      "throughput_tok_per_sec": 923.8407002754292,
      "gpu_utilization_mean": 99.67560073937153,
      "gpu_utilization_p50": 100.0,
      "engine": "sglang",
      "concurrency": 256,
      "wall_time_ms": 108541.28290247172,
      "model_id": "meta-llama/Llama-3.1-8B-Instruct",
      "model_short_name": "Llama-3.1-8B-Instruct"
    },
    {
      "num_requests": 200,
      "num_successful": 200,
      "num_failed": 0,
      "ttft_p50_ms": 43350.29327869415,
      "ttft_p95_ms": 80700.00034570694,
      "ttft_p99_ms": 94041.68481349945,
      "total_latency_p50_ms": 93650.43890476227,
      "total_latency_p95_ms": 107703.37858200073,
      "total_latency_p99_ms": 110316.3530755043,
      "tpot_p50_ms": 74.55960598477179,
      "tpot_p95_ms": 104.76019267264671,
      "tpot_p99_ms": 131.387466083467,
      "throughput_tok_per_sec": 905.6864270803351,
      "gpu_utilization_mean": 99.75206611570248,
      "gpu_utilization_p50": 100.0,
      "engine": "sglang",
      "concurrency": 256,
      "wall_time_ms": 110359.16421096772,
      "model_id": "meta-llama/Llama-3.1-8B-Instruct",
      "model_short_name": "Llama-3.1-8B-Instruct"
    }
  ]
}