{
  "num_requests": 200,
  "num_successful": 200.0,
  "num_failed": 0,
  "ttft_p50_ms": 503.79878282546997,
  "ttft_p95_ms": 2262.36556768417,
  "ttft_p99_ms": 2714.026272296905,
  "total_latency_p50_ms": 9378.520727157593,
  "total_latency_p95_ms": 11615.73759317398,
  "total_latency_p99_ms": 12560.599145889282,
  "tpot_p50_ms": 16.975669876438005,
  "tpot_p95_ms": 20.743672141674097,
  "tpot_p99_ms": 23.534991357840738,
  "throughput_tok_per_sec": 429.6450898621173,
  "gpu_utilization_mean": 99.8161357790585,
  "gpu_utilization_p50": 100.0,
  "engine": "sglang",
  "concurrency": 8,
  "wall_time_ms": 235363.70411980897,
  "model_id": "meta-llama/Llama-3.1-8B-Instruct",
  "model_short_name": "Llama-3.1-8B-Instruct",
  "repeats": 2,
  "throughput_tok_per_sec_mean": 429.6450898621173,
  "throughput_tok_per_sec_std": 0.5951908204498011,
  "ttft_p50_ms_mean": 503.79878282546997,
  "ttft_p50_ms_std": 26.58134698867798,
  "ttft_p99_ms_mean": 2714.026272296905,
  "ttft_p99_ms_std": 98.9499425888057,
  "tpot_p50_ms_mean": 16.975669876438005,
  "tpot_p50_ms_std": 0.2705757446690882,
  "gpu_utilization_mean_mean": 99.8161357790585,
  "gpu_utilization_mean_std": 0.014771755188078828,
  "num_successful_mean": 200.0,
  "num_successful_std": 0.0,
  "runs": [
    {
      "num_requests": 200,
      "num_successful": 200,
      "num_failed": 0,
      "ttft_p50_ms": 530.380129814148,
      "ttft_p95_ms": 2262.36556768417,
      "ttft_p99_ms": 2812.9762148857108,
      "total_latency_p50_ms": 9378.520727157593,
      "total_latency_p95_ms": 11615.73759317398,
      "total_latency_p99_ms": 12560.599145889282,
      "tpot_p50_ms": 16.705094131768917,
      "tpot_p95_ms": 20.743672141674097,
      "tpot_p99_ms": 23.534991357840738,
      "throughput_tok_per_sec": 429.04989904166746,
      "gpu_utilization_mean": 99.83090753424658,
      "gpu_utilization_p50": 100.0,
      "engine": "sglang",
      "concurrency": 8,
      "wall_time_ms": 235363.70411980897,
      "model_id": "meta-llama/Llama-3.1-8B-Instruct",
      "model_short_name": "Llama-3.1-8B-Instruct"
    },
    {
      "num_requests": 200,
      "num_successful": 200,
      "num_failed": 0,
      "ttft_p50_ms": 477.217435836792,
      "ttft_p95_ms": 1897.2712993621763,
      "ttft_p99_ms": 2615.0763297080994,
      "total_latency_p50_ms": 9371.46246433258,
      "total_latency_p95_ms": 11217.64268875122,
      "total_latency_p99_ms": 12400.001270771027,
      "tpot_p50_ms": 17.246245621107093,
      "tpot_p95_ms": 20.632953419331393,
      "tpot_p99_ms": 24.139472274219287,
      "throughput_tok_per_sec": 430.24028068256706,
      "gpu_utilization_mean": 99.80136402387042,
      "gpu_utilization_p50": 100.0,
      "engine": "sglang",
      "concurrency": 8,
      "wall_time_ms": 234985.0960765034,
      "model_id": "meta-llama/Llama-3.1-8B-Instruct",
      "model_short_name": "Llama-3.1-8B-Instruct"
    }
  ]
}