{
  "num_requests": 200,
  "num_successful": 200,
  "num_failed": 0,
  "ttft_p50_ms": 3561.7306232452393,
  "ttft_p95_ms": 8832.929611206055,
  "ttft_p99_ms": 10234.567368030544,
  "total_latency_p50_ms": 21935.791850090027,
  "total_latency_p95_ms": 25292.233657836914,
  "total_latency_p99_ms": 25366.77685022354,
  "tpot_p50_ms": 34.83356328393148,
  "tpot_p95_ms": 45.12919823328654,
  "tpot_p99_ms": 48.51190489565556,
  "throughput_tok_per_sec": 714.5650986904647,
  "gpu_utilization_mean": 99.67375886524823,
  "gpu_utilization_p50": 100.0,
  "engine": "sglang",
  "concurrency": 32,
  "wall_time_ms": 142239.983163774,
  "model_id": "meta-llama/Llama-3.1-8B-Instruct",
  "model_short_name": "Llama-3.1-8B-Instruct"
}