{
  "num_requests": 200,
  "num_successful": 200,
  "num_failed": 0,
  "ttft_p50_ms": 33331.931710243225,
  "ttft_p95_ms": 80765.64538478851,
  "ttft_p99_ms": 82470.72899580002,
  "total_latency_p50_ms": 87088.51456642151,
  "total_latency_p95_ms": 108020.3406214714,
  "total_latency_p99_ms": 108067.84873485565,
  "tpot_p50_ms": 77.53552907095181,
  "tpot_p95_ms": 105.81344908147346,
  "tpot_p99_ms": 115.54619173893387,
  "throughput_tok_per_sec": 923.8407002754292,
  "gpu_utilization_mean": 99.67560073937153,
  "gpu_utilization_p50": 100.0,
  "engine": "sglang",
  "concurrency": 256,
  "wall_time_ms": 108541.28290247172,
  "model_id": "meta-llama/Llama-3.1-8B-Instruct",
  "model_short_name": "Llama-3.1-8B-Instruct"
}