{
  "num_requests": 200,
  "num_successful": 200,
  "num_failed": 0,
  "ttft_p50_ms": 2997.194290161133,
  "ttft_p95_ms": 8734.846973419188,
  "ttft_p99_ms": 9873.626127243038,
  "total_latency_p50_ms": 21920.855164527893,
  "total_latency_p95_ms": 25676.275599002838,
  "total_latency_p99_ms": 25729.194259643555,
  "tpot_p50_ms": 36.709855680596334,
  "tpot_p95_ms": 47.019344579916876,
  "tpot_p99_ms": 48.440615836356095,
  "throughput_tok_per_sec": 716.9434080459476,
  "gpu_utilization_mean": 99.81605113636364,
  "gpu_utilization_p50": 100.0,
  "engine": "sglang",
  "concurrency": 32,
  "wall_time_ms": 141083.93771853298,
  "model_id": "meta-llama/Llama-3.1-8B-Instruct",
  "model_short_name": "Llama-3.1-8B-Instruct"
}