{
  "num_requests": 200,
  "num_successful": 200.0,
  "num_failed": 0,
  "ttft_p50_ms": 3279.462456703186,
  "ttft_p95_ms": 8734.846973419188,
  "ttft_p99_ms": 10054.096747636791,
  "total_latency_p50_ms": 21920.855164527893,
  "total_latency_p95_ms": 25676.275599002838,
  "total_latency_p99_ms": 25729.194259643555,
  "tpot_p50_ms": 35.77170948226391,
  "tpot_p95_ms": 47.019344579916876,
  "tpot_p99_ms": 48.440615836356095,
  "throughput_tok_per_sec": 715.7542533682062,
  "gpu_utilization_mean": 99.74490500080594,
  "gpu_utilization_p50": 100.0,
  "engine": "sglang",
  "concurrency": 32,
  "wall_time_ms": 141083.93771853298,
  "model_id": "meta-llama/Llama-3.1-8B-Instruct",
  "model_short_name": "Llama-3.1-8B-Instruct",
  "repeats": 2,
  "throughput_tok_per_sec_mean": 715.7542533682062,
  "throughput_tok_per_sec_std": 1.1891546777414987,
  "ttft_p50_ms_mean": 3279.462456703186,
  "ttft_p50_ms_std": 282.2681665420532,
  "ttft_p99_ms_mean": 10054.096747636791,
  "ttft_p99_ms_std": 180.47062039375305,
  "tpot_p50_ms_mean": 35.77170948226391,
  "tpot_p50_ms_std": 0.9381461983324257,
  "gpu_utilization_mean_mean": 99.74490500080594,
  "gpu_utilization_mean_std": 0.07114613555770433,
  "num_successful_mean": 200.0,
  "num_successful_std": 0.0,
  "runs": [
    {
      "num_requests": 200,
      "num_successful": 200,
      "num_failed": 0,
      "ttft_p50_ms": 2997.194290161133,
      "ttft_p95_ms": 8734.846973419188,
      "ttft_p99_ms": 9873.626127243038,
      "total_latency_p50_ms": 21920.855164527893,
      "total_latency_p95_ms": 25676.275599002838,
      "total_latency_p99_ms": 25729.194259643555,
      "tpot_p50_ms": 36.709855680596334,
      "tpot_p95_ms": 47.019344579916876,
      "tpot_p99_ms": 48.440615836356095,
      "throughput_tok_per_sec": 716.9434080459476,
      "gpu_utilization_mean": 99.81605113636364,
      "gpu_utilization_p50": 100.0,
      "engine": "sglang",
      "concurrency": 32,
      "wall_time_ms": 141083.93771853298,
      "model_id": "meta-llama/Llama-3.1-8B-Instruct",
      "model_short_name": "Llama-3.1-8B-Instruct"
    },
    {
      "num_requests": 200,
      "num_successful": 200,
      "num_failed": 0,
      "ttft_p50_ms": 3561.7306232452393,
      "ttft_p95_ms": 8832.929611206055,
      "ttft_p99_ms": 10234.567368030544,
      "total_latency_p50_ms": 21935.791850090027,
      "total_latency_p95_ms": 25292.233657836914,
      "total_latency_p99_ms": 25366.77685022354,
      "tpot_p50_ms": 34.83356328393148,
      "tpot_p95_ms": 45.12919823328654,
      "tpot_p99_ms": 48.51190489565556,
      "throughput_tok_per_sec": 714.5650986904647,
      "gpu_utilization_mean": 99.67375886524823,
      "gpu_utilization_p50": 100.0,
      "engine": "sglang",
      "concurrency": 32,
      "wall_time_ms": 142239.983163774,
      "model_id": "meta-llama/Llama-3.1-8B-Instruct",
      "model_short_name": "Llama-3.1-8B-Instruct"
    }
  ]
}