{
  "num_requests": 200,
  "num_successful": 200.0,
  "num_failed": 0,
  "ttft_p50_ms": 1197.6458430290222,
  "ttft_p95_ms": 3324.9276995658875,
  "ttft_p99_ms": 3620.477855205536,
  "total_latency_p50_ms": 10095.103859901428,
  "total_latency_p95_ms": 11071.076095104218,
  "total_latency_p99_ms": 11098.551037311554,
  "tpot_p50_ms": 16.597494453833292,
  "tpot_p95_ms": 20.295715495331645,
  "tpot_p99_ms": 20.7931197926023,
  "throughput_tok_per_sec": 1581.0664722572785,
  "gpu_utilization_mean": 99.32375847535276,
  "gpu_utilization_p50": 100.0,
  "engine": "vllm",
  "concurrency": 32,
  "wall_time_ms": 64540.87378690019,
  "model_id": "meta-llama/Llama-3.1-8B-Instruct",
  "model_short_name": "Llama-3.1-8B-Instruct",
  "repeats": 2,
  "throughput_tok_per_sec_mean": 1581.0664722572785,
  "throughput_tok_per_sec_std": 0.9764166528345868,
  "ttft_p50_ms_mean": 1197.6458430290222,
  "ttft_p50_ms_std": 160.4793667793274,
  "ttft_p99_ms_mean": 3620.477855205536,
  "ttft_p99_ms_std": 87.91941165924072,
  "tpot_p50_ms_mean": 16.597494453833292,
  "tpot_p50_ms_std": 0.4831438195215494,
  "gpu_utilization_mean_mean": 99.32375847535276,
  "gpu_utilization_mean_std": 0.00022906358805130367,
  "num_successful_mean": 200.0,
  "num_successful_std": 0.0,
  "runs": [
    {
      "num_requests": 200,
      "num_successful": 200,
      "num_failed": 0,
      "ttft_p50_ms": 1358.1252098083496,
      "ttft_p95_ms": 3324.9276995658875,
      "ttft_p99_ms": 3532.558443546295,
      "total_latency_p50_ms": 10095.103859901428,
      "total_latency_p95_ms": 11071.076095104218,
      "total_latency_p99_ms": 11098.551037311554,
      "tpot_p50_ms": 16.114350634311744,
      "tpot_p95_ms": 20.295715495331645,
      "tpot_p99_ms": 20.7931197926023,
      "throughput_tok_per_sec": 1582.042888910113,
      "gpu_utilization_mean": 99.32398753894081,
      "gpu_utilization_p50": 100.0,
      "engine": "vllm",
      "concurrency": 32,
      "wall_time_ms": 64540.87378690019,
      "model_id": "meta-llama/Llama-3.1-8B-Instruct",
      "model_short_name": "Llama-3.1-8B-Instruct"
    },
    {
      "num_requests": 200,
      "num_successful": 200,
      "num_failed": 0,
      "ttft_p50_ms": 1037.1664762496948,
      "ttft_p95_ms": 3348.499643802643,
      "ttft_p99_ms": 3708.3972668647766,
      "total_latency_p50_ms": 10061.954021453857,
      "total_latency_p95_ms": 11123.98281097412,
      "total_latency_p99_ms": 11405.62952041626,
      "tpot_p50_ms": 17.080638273354843,
      "tpot_p95_ms": 20.187691513106312,
      "tpot_p99_ms": 20.82945728481312,
      "throughput_tok_per_sec": 1580.090055604444,
      "gpu_utilization_mean": 99.32352941176471,
      "gpu_utilization_p50": 100.0,
      "engine": "vllm",
      "concurrency": 32,
      "wall_time_ms": 64662.462080828846,
      "model_id": "meta-llama/Llama-3.1-8B-Instruct",
      "model_short_name": "Llama-3.1-8B-Instruct"
    }
  ]
}