{
  "num_requests": 200,
  "num_successful": 200.0,
  "num_failed": 0,
  "ttft_p50_ms": 5644.237697124481,
  "ttft_p95_ms": 25433.065104484554,
  "ttft_p99_ms": 26941.94308280945,
  "total_latency_p50_ms": 25691.35296344757,
  "total_latency_p95_ms": 47226.02676153183,
  "total_latency_p99_ms": 47418.86996269226,
  "tpot_p50_ms": 43.93095652884466,
  "tpot_p95_ms": 44.472585032364165,
  "tpot_p99_ms": 48.82186270471613,
  "throughput_tok_per_sec": 1974.4285361234574,
  "gpu_utilization_mean": 99.6071408054231,
  "gpu_utilization_p50": 100.0,
  "engine": "vllm",
  "concurrency": 128,
  "wall_time_ms": 51524.05821438879,
  "model_id": "meta-llama/Llama-3.1-8B-Instruct",
  "model_short_name": "Llama-3.1-8B-Instruct",
  "repeats": 2,
  "throughput_tok_per_sec_mean": 1974.4285361234574,
  "throughput_tok_per_sec_std": 1.450350687183004,
  "ttft_p50_ms_mean": 5644.237697124481,
  "ttft_p50_ms_std": 139.64253664016724,
  "ttft_p99_ms_mean": 26941.94308280945,
  "ttft_p99_ms_std": 112.54027605056581,
  "tpot_p50_ms_mean": 43.93095652884466,
  "tpot_p50_ms_std": 0.08573877368187865,
  "gpu_utilization_mean_mean": 99.6071408054231,
  "gpu_utilization_mean_std": 0.06276210719825315,
  "num_successful_mean": 200.0,
  "num_successful_std": 0.0,
  "runs": [
    {
      "num_requests": 200,
      "num_successful": 200,
      "num_failed": 0,
      "ttft_p50_ms": 5783.880233764648,
      "ttft_p95_ms": 25433.065104484554,
      "ttft_p99_ms": 27054.483358860012,
      "total_latency_p50_ms": 25691.35296344757,
      "total_latency_p95_ms": 47226.02676153183,
      "total_latency_p99_ms": 47418.86996269226,
      "tpot_p50_ms": 43.845217755162786,
      "tpot_p95_ms": 44.472585032364165,
      "tpot_p99_ms": 48.82186270471613,
      "throughput_tok_per_sec": 1972.9781854362745,
      "gpu_utilization_mean": 99.54437869822485,
      "gpu_utilization_p50": 100.0,
      "engine": "vllm",
      "concurrency": 128,
      "wall_time_ms": 51524.05821438879,
      "model_id": "meta-llama/Llama-3.1-8B-Instruct",
      "model_short_name": "Llama-3.1-8B-Instruct"
    },
    {
      "num_requests": 200,
      "num_successful": 200,
      "num_failed": 0,
      "ttft_p50_ms": 5504.595160484314,
      "ttft_p95_ms": 25698.928666114803,
      "ttft_p99_ms": 26829.40280675888,
      "total_latency_p50_ms": 25698.64785671234,
      "total_latency_p95_ms": 47316.71384572983,
      "total_latency_p99_ms": 47432.43385076523,
      "tpot_p50_ms": 44.01669530252654,
      "tpot_p95_ms": 44.889411464362695,
      "tpot_p99_ms": 50.20201453024153,
      "throughput_tok_per_sec": 1975.8788868106406,
      "gpu_utilization_mean": 99.66990291262135,
      "gpu_utilization_p50": 100.0,
      "engine": "vllm",
      "concurrency": 128,
      "wall_time_ms": 51654.75476672873,
      "model_id": "meta-llama/Llama-3.1-8B-Instruct",
      "model_short_name": "Llama-3.1-8B-Instruct"
    }
  ]
}