{
  "num_requests": 200,
  "num_successful": 200.0,
  "num_failed": 0,
  "ttft_p50_ms": 215.1775360107422,
  "ttft_p95_ms": 860.7743978500366,
  "ttft_p99_ms": 1055.8823418617246,
  "total_latency_p50_ms": 5092.7276611328125,
  "total_latency_p95_ms": 5905.403399467468,
  "total_latency_p99_ms": 6387.340342998505,
  "tpot_p50_ms": 9.305275233057847,
  "tpot_p95_ms": 10.737106005350748,
  "tpot_p99_ms": 11.829509735107422,
  "throughput_tok_per_sec": 797.0894438090576,
  "gpu_utilization_mean": 99.47324631059422,
  "gpu_utilization_p50": 100.0,
  "engine": "vllm",
  "concurrency": 8,
  "wall_time_ms": 128230.89314531535,
  "model_id": "meta-llama/Llama-3.1-8B-Instruct",
  "model_short_name": "Llama-3.1-8B-Instruct",
  "repeats": 2,
  "throughput_tok_per_sec_mean": 797.0894438090576,
  "throughput_tok_per_sec_std": 1.3119292344682663,
  "ttft_p50_ms_mean": 215.1775360107422,
  "ttft_p50_ms_std": 2.991795539855957,
  "ttft_p99_ms_mean": 1055.8823418617246,
  "ttft_p99_ms_std": 11.741912364959717,
  "tpot_p50_ms_mean": 9.305275233057847,
  "tpot_p50_ms_std": 0.05851508120034765,
  "gpu_utilization_mean_mean": 99.47324631059422,
  "gpu_utilization_mean_std": 0.037308810594218755,
  "num_successful_mean": 200.0,
  "num_successful_std": 0.0,
  "runs": [
    {
      "num_requests": 200,
      "num_successful": 200,
      "num_failed": 0,
      "ttft_p50_ms": 218.16933155059814,
      "ttft_p95_ms": 860.7743978500366,
      "ttft_p99_ms": 1067.6242542266843,
      "total_latency_p50_ms": 5092.7276611328125,
      "total_latency_p95_ms": 5905.403399467468,
      "total_latency_p99_ms": 6387.340342998505,
      "tpot_p50_ms": 9.246760151857499,
      "tpot_p95_ms": 10.737106005350748,
      "tpot_p99_ms": 11.829509735107422,
      "throughput_tok_per_sec": 795.7775145745893,
      "gpu_utilization_mean": 99.4359375,
      "gpu_utilization_p50": 100.0,
      "engine": "vllm",
      "concurrency": 8,
      "wall_time_ms": 128230.89314531535,
      "model_id": "meta-llama/Llama-3.1-8B-Instruct",
      "model_short_name": "Llama-3.1-8B-Instruct"
    },
    {
      "num_requests": 200,
      "num_successful": 200,
      "num_failed": 0,
      "ttft_p50_ms": 212.18574047088623,
      "ttft_p95_ms": 852.9660701751708,
      "ttft_p99_ms": 1044.140429496765,
      "total_latency_p50_ms": 5067.9931640625,
      "total_latency_p95_ms": 5810.9861969947815,
      "total_latency_p99_ms": 6396.861457824707,
      "tpot_p50_ms": 9.363790314258194,
      "tpot_p95_ms": 10.700030149545688,
      "tpot_p99_ms": 11.954990996306655,
      "throughput_tok_per_sec": 798.4013730435258,
      "gpu_utilization_mean": 99.51055512118843,
      "gpu_utilization_p50": 100.0,
      "engine": "vllm",
      "concurrency": 8,
      "wall_time_ms": 128063.59391100705,
      "model_id": "meta-llama/Llama-3.1-8B-Instruct",
      "model_short_name": "Llama-3.1-8B-Instruct"
    }
  ]
}