{
  "num_requests": 200,
  "num_successful": 200.0,
  "num_failed": 0,
  "ttft_p50_ms": 17403.508067131042,
  "ttft_p95_ms": 34035.4488134384,
  "ttft_p99_ms": 47096.67658209801,
  "total_latency_p50_ms": 43238.38758468628,
  "total_latency_p95_ms": 47724.810588359825,
  "total_latency_p99_ms": 51433.12448263168,
  "tpot_p50_ms": 43.82179068026011,
  "tpot_p95_ms": 46.2227281292357,
  "tpot_p99_ms": 58.733381590497935,
  "throughput_tok_per_sec": 1978.6583458080258,
  "gpu_utilization_mean": 99.48954609427331,
  "gpu_utilization_p50": 100.0,
  "engine": "vllm",
  "concurrency": 256,
  "wall_time_ms": 51528.01496209577,
  "model_id": "meta-llama/Llama-3.1-8B-Instruct",
  "model_short_name": "Llama-3.1-8B-Instruct",
  "repeats": 2,
  "throughput_tok_per_sec_mean": 1978.6583458080258,
  "throughput_tok_per_sec_std": 7.5888330302609575,
  "ttft_p50_ms_mean": 17403.508067131042,
  "ttft_p50_ms_std": 46.5390682220459,
  "ttft_p99_ms_mean": 47096.67658209801,
  "ttft_p99_ms_std": 106.82976603507996,
  "tpot_p50_ms_mean": 43.82179068026011,
  "tpot_p50_ms_std": 0.007943631151647423,
  "gpu_utilization_mean_mean": 99.48954609427331,
  "gpu_utilization_mean_std": 0.09265893474022846,
  "num_successful_mean": 200.0,
  "num_successful_std": 0.0,
  "runs": [
    {
      "num_requests": 200,
      "num_successful": 200,
      "num_failed": 0,
      "ttft_p50_ms": 17356.968998908997,
      "ttft_p95_ms": 34035.4488134384,
      "ttft_p99_ms": 46989.84681606293,
      "total_latency_p50_ms": 43238.38758468628,
      "total_latency_p95_ms": 47724.810588359825,
      "total_latency_p99_ms": 51433.12448263168,
      "tpot_p50_ms": 43.829734311411755,
      "tpot_p95_ms": 46.2227281292357,
      "tpot_p99_ms": 58.733381590497935,
      "throughput_tok_per_sec": 1986.2471788382868,
      "gpu_utilization_mean": 99.39688715953308,
      "gpu_utilization_p50": 100.0,
      "engine": "vllm",
      "concurrency": 256,
      "wall_time_ms": 51528.01496209577,
      "model_id": "meta-llama/Llama-3.1-8B-Instruct",
      "model_short_name": "Llama-3.1-8B-Instruct"
    },
    {
      "num_requests": 200,
      "num_successful": 200,
      "num_failed": 0,
      "ttft_p50_ms": 17450.04713535309,
      "ttft_p95_ms": 33998.08305501938,
      "ttft_p99_ms": 47203.50634813309,
      "total_latency_p50_ms": 43655.4833650589,
      "total_latency_p95_ms": 47977.86113023758,
      "total_latency_p99_ms": 51731.44988298416,
      "tpot_p50_ms": 43.81384704910846,
      "tpot_p95_ms": 44.550710741554454,
      "tpot_p99_ms": 52.343363869213476,
      "throughput_tok_per_sec": 1971.0695127777649,
      "gpu_utilization_mean": 99.58220502901354,
      "gpu_utilization_p50": 100.0,
      "engine": "vllm",
      "concurrency": 256,
      "wall_time_ms": 51835.2359761484,
      "model_id": "meta-llama/Llama-3.1-8B-Instruct",
      "model_short_name": "Llama-3.1-8B-Instruct"
    }
  ]
}