{
  "num_requests": 200,
  "num_successful": 200,
  "num_failed": 0,
  "ttft_p50_ms": 95.03734111785889,
  "ttft_p95_ms": 420.9112048149109,
  "ttft_p99_ms": 427.371666431427,
  "total_latency_p50_ms": 3477.9032468795776,
  "total_latency_p95_ms": 4017.2704696655273,
  "total_latency_p99_ms": 4021.251995563507,
  "tpot_p50_ms": 6.619354283506389,
  "tpot_p95_ms": 7.048056033881599,
  "tpot_p99_ms": 7.053102060334241,
  "throughput_tok_per_sec": 143.82841333631322,
  "gpu_utilization_mean": 98.46510969568294,
  "gpu_utilization_p50": 100.0,
  "engine": "vllm",
  "concurrency": 1,
  "wall_time_ms": 708343.4435999952,
  "model_id": "meta-llama/Llama-3.1-8B-Instruct",
  "model_short_name": "Llama-3.1-8B-Instruct"
}