{
  "num_requests": 200,
  "num_successful": 200.0,
  "num_failed": 0,
  "ttft_p50_ms": 95.21704912185669,
  "ttft_p95_ms": 420.9112048149109,
  "ttft_p99_ms": 426.6453969478607,
  "total_latency_p50_ms": 3477.9032468795776,
  "total_latency_p95_ms": 4017.2704696655273,
  "total_latency_p99_ms": 4021.251995563507,
  "tpot_p50_ms": 6.619302727238306,
  "tpot_p95_ms": 7.048056033881599,
  "tpot_p99_ms": 7.053102060334241,
  "throughput_tok_per_sec": 143.81844958664396,
  "gpu_utilization_mean": 98.46132643006621,
  "gpu_utilization_p50": 100.0,
  "engine": "vllm",
  "concurrency": 1,
  "wall_time_ms": 708343.4435999952,
  "model_id": "meta-llama/Llama-3.1-8B-Instruct",
  "model_short_name": "Llama-3.1-8B-Instruct",
  "repeats": 2,
  "throughput_tok_per_sec_mean": 143.81844958664396,
  "throughput_tok_per_sec_std": 0.009963749669239519,
  "ttft_p50_ms_mean": 95.21704912185669,
  "ttft_p50_ms_std": 0.17970800399780273,
  "ttft_p99_ms_mean": 426.6453969478607,
  "ttft_p99_ms_std": 0.7262694835662842,
  "tpot_p50_ms_mean": 6.619302727238306,
  "tpot_p50_ms_std": 5.155626808317493e-05,
  "gpu_utilization_mean_mean": 98.46132643006621,
  "gpu_utilization_mean_std": 0.0037832656167324785,
  "num_successful_mean": 200.0,
  "num_successful_std": 0.0,
  "runs": [
    {
      "num_requests": 200,
      "num_successful": 200,
      "num_failed": 0,
      "ttft_p50_ms": 95.03734111785889,
      "ttft_p95_ms": 420.9112048149109,
      "ttft_p99_ms": 427.371666431427,
      "total_latency_p50_ms": 3477.9032468795776,
      "total_latency_p95_ms": 4017.2704696655273,
      "total_latency_p99_ms": 4021.251995563507,
      "tpot_p50_ms": 6.619354283506389,
      "tpot_p95_ms": 7.048056033881599,
      "tpot_p99_ms": 7.053102060334241,
      "throughput_tok_per_sec": 143.82841333631322,
      "gpu_utilization_mean": 98.46510969568294,
      "gpu_utilization_p50": 100.0,
      "engine": "vllm",
      "concurrency": 1,
      "wall_time_ms": 708343.4435999952,
      "model_id": "meta-llama/Llama-3.1-8B-Instruct",
      "model_short_name": "Llama-3.1-8B-Instruct"
    },
    {
      "num_requests": 200,
      "num_successful": 200,
      "num_failed": 0,
      "ttft_p50_ms": 95.39675712585449,
      "ttft_p95_ms": 421.50288820266724,
      "ttft_p99_ms": 425.91912746429443,
      "total_latency_p50_ms": 3478.3148765563965,
      "total_latency_p95_ms": 4015.7291650772095,
      "total_latency_p99_ms": 4021.715543270111,
      "tpot_p50_ms": 6.619251170970223,
      "tpot_p95_ms": 7.050680716832479,
      "tpot_p99_ms": 7.054720869251327,
      "throughput_tok_per_sec": 143.80848583697474,
      "gpu_utilization_mean": 98.45754316444948,
      "gpu_utilization_p50": 100.0,
      "engine": "vllm",
      "concurrency": 1,
      "wall_time_ms": 709104.9907407723,
      "model_id": "meta-llama/Llama-3.1-8B-Instruct",
      "model_short_name": "Llama-3.1-8B-Instruct"
    }
  ]
}