{
  "num_requests": 200,
  "num_successful": 200.0,
  "num_failed": 0,
  "ttft_p50_ms": 1838.5292887687683,
  "ttft_p95_ms": 5526.473844051361,
  "ttft_p99_ms": 6237.174600362778,
  "total_latency_p50_ms": 17100.543975830078,
  "total_latency_p95_ms": 20014.02931213379,
  "total_latency_p99_ms": 20715.748450756073,
  "tpot_p50_ms": 28.638790731560693,
  "tpot_p95_ms": 32.22002318227361,
  "tpot_p99_ms": 33.805036507474,
  "throughput_tok_per_sec": 1878.306685533549,
  "gpu_utilization_mean": 99.52703412431536,
  "gpu_utilization_p50": 100.0,
  "engine": "vllm",
  "concurrency": 64,
  "wall_time_ms": 54312.16447474435,
  "model_id": "meta-llama/Llama-3.1-8B-Instruct",
  "model_short_name": "Llama-3.1-8B-Instruct",
  "repeats": 2,
  "throughput_tok_per_sec_mean": 1878.306685533549,
  "throughput_tok_per_sec_std": 6.608237249113927,
  "ttft_p50_ms_mean": 1838.5292887687683,
  "ttft_p50_ms_std": 270.7255482673645,
  "ttft_p99_ms_mean": 6237.174600362778,
  "ttft_p99_ms_std": 62.06846356391907,
  "tpot_p50_ms_mean": 28.638790731560693,
  "tpot_p50_ms_std": 0.23594621109635838,
  "gpu_utilization_mean_mean": 99.52703412431536,
  "gpu_utilization_mean_std": 0.2220433664595447,
  "num_successful_mean": 200.0,
  "num_successful_std": 0.0,
  "runs": [
    {
      "num_requests": 200,
      "num_successful": 200,
      "num_failed": 0,
      "ttft_p50_ms": 1567.8037405014038,
      "ttft_p95_ms": 5526.473844051361,
      "ttft_p99_ms": 6175.106136798859,
      "total_latency_p50_ms": 17100.543975830078,
      "total_latency_p95_ms": 20014.02931213379,
      "total_latency_p99_ms": 20715.748450756073,
      "tpot_p50_ms": 28.402844520464335,
      "tpot_p95_ms": 32.22002318227361,
      "tpot_p99_ms": 33.805036507474,
      "throughput_tok_per_sec": 1884.9149227826629,
      "gpu_utilization_mean": 99.74907749077491,
      "gpu_utilization_p50": 100.0,
      "engine": "vllm",
      "concurrency": 64,
      "wall_time_ms": 54312.16447474435,
      "model_id": "meta-llama/Llama-3.1-8B-Instruct",
      "model_short_name": "Llama-3.1-8B-Instruct"
    },
    {
      "num_requests": 200,
      "num_successful": 200,
      "num_failed": 0,
      "ttft_p50_ms": 2109.254837036133,
      "ttft_p95_ms": 5623.230266571045,
      "ttft_p99_ms": 6299.243063926697,
      "total_latency_p50_ms": 16653.871655464172,
      "total_latency_p95_ms": 20406.759452819824,
      "total_latency_p99_ms": 21068.663713932037,
      "tpot_p50_ms": 28.87473694265705,
      "tpot_p95_ms": 32.88293437715145,
      "tpot_p99_ms": 33.64562211904507,
      "throughput_tok_per_sec": 1871.698448284435,
      "gpu_utilization_mean": 99.30499075785582,
      "gpu_utilization_p50": 100.0,
      "engine": "vllm",
      "concurrency": 64,
      "wall_time_ms": 54228.28926425427,
      "model_id": "meta-llama/Llama-3.1-8B-Instruct",
      "model_short_name": "Llama-3.1-8B-Instruct"
    }
  ]
}