{
  "num_requests": 200,
  "num_successful": 200,
  "num_failed": 0,
  "ttft_p50_ms": 95.39675712585449,
  "ttft_p95_ms": 421.50288820266724,
  "ttft_p99_ms": 425.91912746429443,
  "total_latency_p50_ms": 3478.3148765563965,
  "total_latency_p95_ms": 4015.7291650772095,
  "total_latency_p99_ms": 4021.715543270111,
  "tpot_p50_ms": 6.619251170970223,
  "tpot_p95_ms": 7.050680716832479,
  "tpot_p99_ms": 7.054720869251327,
  "throughput_tok_per_sec": 143.80848583697474,
  "gpu_utilization_mean": 98.45754316444948,
  "gpu_utilization_p50": 100.0,
  "engine": "vllm",
  "concurrency": 1,
  "wall_time_ms": 709104.9907407723,
  "model_id": "meta-llama/Llama-3.1-8B-Instruct",
  "model_short_name": "Llama-3.1-8B-Instruct"
}