{
  "num_requests": 200,
  "num_successful": 200,
  "num_failed": 0,
  "ttft_p50_ms": 17450.04713535309,
  "ttft_p95_ms": 33998.08305501938,
  "ttft_p99_ms": 47203.50634813309,
  "total_latency_p50_ms": 43655.4833650589,
  "total_latency_p95_ms": 47977.86113023758,
  "total_latency_p99_ms": 51731.44988298416,
  "tpot_p50_ms": 43.81384704910846,
  "tpot_p95_ms": 44.550710741554454,
  "tpot_p99_ms": 52.343363869213476,
  "throughput_tok_per_sec": 1971.0695127777649,
  "gpu_utilization_mean": 99.58220502901354,
  "gpu_utilization_p50": 100.0,
  "engine": "vllm",
  "concurrency": 256,
  "wall_time_ms": 51835.2359761484,
  "model_id": "meta-llama/Llama-3.1-8B-Instruct",
  "model_short_name": "Llama-3.1-8B-Instruct"
}