{
  "num_requests": 200,
  "num_successful": 200,
  "num_failed": 0,
  "ttft_p50_ms": 218.16933155059814,
  "ttft_p95_ms": 860.7743978500366,
  "ttft_p99_ms": 1067.6242542266843,
  "total_latency_p50_ms": 5092.7276611328125,
  "total_latency_p95_ms": 5905.403399467468,
  "total_latency_p99_ms": 6387.340342998505,
  "tpot_p50_ms": 9.246760151857499,
  "tpot_p95_ms": 10.737106005350748,
  "tpot_p99_ms": 11.829509735107422,
  "throughput_tok_per_sec": 795.7775145745893,
  "gpu_utilization_mean": 99.4359375,
  "gpu_utilization_p50": 100.0,
  "engine": "vllm",
  "concurrency": 8,
  "wall_time_ms": 128230.89314531535,
  "model_id": "meta-llama/Llama-3.1-8B-Instruct",
  "model_short_name": "Llama-3.1-8B-Instruct"
}