{
  "num_requests": 200,
  "num_successful": 200,
  "num_failed": 0,
  "ttft_p50_ms": 83.73796939849854,
  "ttft_p95_ms": 133.4044098854065,
  "ttft_p99_ms": 147.4671840667724,
  "total_latency_p50_ms": 4150.602340698242,
  "total_latency_p95_ms": 4203.744852542877,
  "total_latency_p99_ms": 4208.287117481232,
  "tpot_p50_ms": 15.9515474356857,
  "tpot_p95_ms": 16.026086853999715,
  "tpot_p99_ms": 16.037012016071994,
  "throughput_tok_per_sec": 3333.8722650686937,
  "gpu_utilization_mean": 99.40259740259741,
  "gpu_utilization_p50": 100.0,
  "concurrency": 64,
  "wall_time_ms": 15377.07694619894,
  "model_id": "meta-llama/Llama-3.1-8B-Instruct",
  "model_short_name": "Llama-3.1-8B-Instruct"
}