{
  "num_requests": 200,
  "num_successful": 200.0,
  "num_failed": 0,
  "ttft_p50_ms": 72.7306604385376,
  "ttft_p95_ms": 2478.7715911865234,
  "ttft_p99_ms": 1283.5098588466644,
  "total_latency_p50_ms": 3473.887801170349,
  "total_latency_p95_ms": 5876.061403751373,
  "total_latency_p99_ms": 5879.0688490867615,
  "tpot_p50_ms": 13.325769059798297,
  "tpot_p95_ms": 13.404340276531144,
  "tpot_p99_ms": 13.41519968182433,
  "throughput_tok_per_sec": 2059.56619903478,
  "gpu_utilization_mean": 95.09481546146759,
  "gpu_utilization_p50": 100.0,
  "concurrency": 32,
  "wall_time_ms": 26176.814898848534,
  "model_id": "meta-llama/Llama-3.1-8B-Instruct",
  "model_short_name": "Llama-3.1-8B-Instruct",
  "repeats": 2,
  "throughput_tok_per_sec_mean": 2059.56619903478,
  "throughput_tok_per_sec_std": 102.2346669766581,
  "ttft_p50_ms_mean": 72.7306604385376,
  "ttft_p50_ms_std": 0.7778406143188477,
  "ttft_p99_ms_mean": 1283.5098588466644,
  "ttft_p99_ms_std": 1195.5816900730133,
  "tpot_p50_ms_mean": 13.325769059798297,
  "tpot_p50_ms_std": 0.002464359881830802,
  "gpu_utilization_mean_mean": 95.09481546146759,
  "gpu_utilization_mean_std": 4.550754158785587,
  "num_successful_mean": 200.0,
  "num_successful_std": 0.0,
  "runs": [
    {
      "num_requests": 200,
      "num_successful": 200,
      "num_failed": 0,
      "ttft_p50_ms": 71.95281982421875,
      "ttft_p95_ms": 2478.7715911865234,
      "ttft_p99_ms": 2479.0915489196777,
      "total_latency_p50_ms": 3473.887801170349,
      "total_latency_p95_ms": 5876.061403751373,
      "total_latency_p99_ms": 5879.0688490867615,
      "tpot_p50_ms": 13.323304699916466,
      "tpot_p95_ms": 13.404340276531144,
      "tpot_p99_ms": 13.41519968182433,
      "throughput_tok_per_sec": 1957.3315320581216,
      "gpu_utilization_mean": 90.544061302682,
      "gpu_utilization_p50": 100.0,
      "concurrency": 32,
      "wall_time_ms": 26176.814898848534,
      "model_id": "meta-llama/Llama-3.1-8B-Instruct",
      "model_short_name": "Llama-3.1-8B-Instruct"
    },
    {
      "num_requests": 200,
      "num_successful": 200,
      "num_failed": 0,
      "ttft_p50_ms": 73.50850105285645,
      "ttft_p95_ms": 84.78214740753174,
      "ttft_p99_ms": 87.92816877365112,
      "total_latency_p50_ms": 3473.914384841919,
      "total_latency_p95_ms": 3492.375659942627,
      "total_latency_p99_ms": 3500.440411567688,
      "tpot_p50_ms": 13.328233419680128,
      "tpot_p95_ms": 13.390495636883903,
      "tpot_p99_ms": 13.409582605548934,
      "throughput_tok_per_sec": 2161.800866011438,
      "gpu_utilization_mean": 99.64556962025317,
      "gpu_utilization_p50": 100.0,
      "concurrency": 32,
      "wall_time_ms": 23697.01783079654,
      "model_id": "meta-llama/Llama-3.1-8B-Instruct",
      "model_short_name": "Llama-3.1-8B-Instruct"
    }
  ]
}