{
  "num_requests": 200,
  "num_successful": 200,
  "num_failed": 0,
  "ttft_p50_ms": 2504.660964012146,
  "ttft_p95_ms": 4956.153380870819,
  "ttft_p99_ms": 4957.029690742493,
  "total_latency_p50_ms": 7104.600667953491,
  "total_latency_p95_ms": 9558.6132645607,
  "total_latency_p99_ms": 9559.984431266785,
  "tpot_p50_ms": 18.196202726925122,
  "tpot_p95_ms": 18.26176554548974,
  "tpot_p99_ms": 18.28061009388344,
  "throughput_tok_per_sec": 5349.620470496662,
  "gpu_utilization_mean": 98.58823529411765,
  "gpu_utilization_p50": 100.0,
  "concurrency": 256,
  "wall_time_ms": 9590.253276750445,
  "model_id": "meta-llama/Llama-3.1-8B-Instruct",
  "model_short_name": "Llama-3.1-8B-Instruct"
}