{
  "1": {
    "num_requests": 200,
    "num_successful": 200.0,
    "num_failed": 0,
    "ttft_p50_ms": 23.568451404571533,
    "ttft_p95_ms": 30.59674501419067,
    "ttft_p99_ms": 30.674846172332266,
    "total_latency_p50_ms": 2831.583857536316,
    "total_latency_p95_ms": 2838.408303260803,
    "total_latency_p99_ms": 2847.2271537780753,
    "tpot_p50_ms": 11.005586736342487,
    "tpot_p95_ms": 11.014480964810241,
    "tpot_p99_ms": 11.026381174723307,
    "throughput_tok_per_sec": 90.04765651451196,
    "gpu_utilization_mean": 99.18739264397956,
    "gpu_utilization_p50": 100.0,
    "concurrency": 1,
    "wall_time_ms": 571467.5197899342,
    "model_id": "meta-llama/Llama-3.1-8B-Instruct",
    "model_short_name": "Llama-3.1-8B-Instruct",
    "repeats": 2,
    "throughput_tok_per_sec_mean": 90.04765651451196,
    "throughput_tok_per_sec_std": 0.44635991066603253,
    "ttft_p50_ms_mean": 23.568451404571533,
    "ttft_p50_ms_std": 1.4813542366027832,
    "ttft_p99_ms_mean": 30.674846172332266,
    "ttft_p99_ms_std": 4.592781066894034,
    "tpot_p50_ms_mean": 11.005586736342487,
    "tpot_p50_ms_std": 0.0007853788488052516,
    "gpu_utilization_mean_mean": 99.18739264397956,
    "gpu_utilization_mean_std": 0.3891887348406229,
    "num_successful_mean": 200.0,
    "num_successful_std": 0.0,
    "runs": [
      {
        "num_requests": 200,
        "num_successful": 200,
        "num_failed": 0,
        "ttft_p50_ms": 25.049805641174316,
        "ttft_p95_ms": 30.59674501419067,
        "ttft_p99_ms": 35.2676272392263,
        "total_latency_p50_ms": 2831.583857536316,
        "total_latency_p95_ms": 2838.408303260803,
        "total_latency_p99_ms": 2847.2271537780753,
        "tpot_p50_ms": 11.006372115191292,
        "tpot_p95_ms": 11.014480964810241,
        "tpot_p99_ms": 11.026381174723307,
        "throughput_tok_per_sec": 89.60129660384592,
        "gpu_utilization_mean": 98.79820390913893,
        "gpu_utilization_p50": 100.0,
        "concurrency": 1,
        "wall_time_ms": 571467.5197899342,
        "model_id": "meta-llama/Llama-3.1-8B-Instruct",
        "model_short_name": "Llama-3.1-8B-Instruct"
      },
      {
        "num_requests": 200,
        "num_successful": 200,
        "num_failed": 0,
        "ttft_p50_ms": 22.08709716796875,
        "ttft_p95_ms": 25.465822219848633,
        "ttft_p99_ms": 26.082065105438232,
        "total_latency_p50_ms": 2828.1103372573853,
        "total_latency_p95_ms": 2831.3292503356934,
        "total_latency_p99_ms": 2832.4091601371765,
        "tpot_p50_ms": 11.004801357493681,
        "tpot_p95_ms": 11.012927784639245,
        "tpot_p99_ms": 11.023030570909087,
        "throughput_tok_per_sec": 90.49401642517799,
        "gpu_utilization_mean": 99.57658137882018,
        "gpu_utilization_p50": 100.0,
        "concurrency": 1,
        "wall_time_ms": 565807.5956711546,
        "model_id": "meta-llama/Llama-3.1-8B-Instruct",
        "model_short_name": "Llama-3.1-8B-Instruct"
      }
    ]
  },
  "8": {
    "num_requests": 200,
    "num_successful": 200.0,
    "num_failed": 0,
    "ttft_p50_ms": 39.99364376068115,
    "ttft_p95_ms": 49.800312519073486,
    "ttft_p99_ms": 1161.6530442237854,
    "total_latency_p50_ms": 2911.944627761841,
    "total_latency_p95_ms": 2936.1433625221252,
    "total_latency_p99_ms": 5159.6862626075745,
    "tpot_p50_ms": 11.277733363357244,
    "tpot_p95_ms": 11.328531760795443,
    "tpot_p99_ms": 11.382848324738148,
    "throughput_tok_per_sec": 690.2725682336895,
    "gpu_utilization_mean": 98.38639269406393,
    "gpu_utilization_p50": 100.0,
    "concurrency": 8,
    "wall_time_ms": 75155.8269271627,
    "model_id": "meta-llama/Llama-3.1-8B-Instruct",
    "model_short_name": "Llama-3.1-8B-Instruct",
    "repeats": 2,
    "throughput_tok_per_sec_mean": 690.2725682336895,
    "throughput_tok_per_sec_std": 8.892582575801896,
    "ttft_p50_ms_mean": 39.99364376068115,
    "ttft_p50_ms_std": 4.9430131912231445,
    "ttft_p99_ms_mean": 1161.6530442237854,
    "ttft_p99_ms_std": 1106.7920398712158,
    "tpot_p50_ms_mean": 11.277733363357244,
    "tpot_p50_ms_std": 0.00014515484080668273,
    "gpu_utilization_mean_mean": 98.38639269406393,
    "gpu_utilization_mean_std": 1.493059360730598,
    "num_successful_mean": 200.0,
    "num_successful_std": 0.0,
    "runs": [
      {
        "num_requests": 200,
        "num_successful": 200,
        "num_failed": 0,
        "ttft_p50_ms": 35.05063056945801,
        "ttft_p95_ms": 49.800312519073486,
        "ttft_p99_ms": 2268.445084095001,
        "total_latency_p50_ms": 2911.944627761841,
        "total_latency_p95_ms": 2936.1433625221252,
        "total_latency_p99_ms": 5159.6862626075745,
        "tpot_p50_ms": 11.277878518198051,
        "tpot_p95_ms": 11.328531760795443,
        "tpot_p99_ms": 11.382848324738148,
        "throughput_tok_per_sec": 681.3799856578876,
        "gpu_utilization_mean": 96.89333333333333,
        "gpu_utilization_p50": 100.0,
        "concurrency": 8,
        "wall_time_ms": 75155.8269271627,
        "model_id": "meta-llama/Llama-3.1-8B-Instruct",
        "model_short_name": "Llama-3.1-8B-Instruct"
      },
      {
        "num_requests": 200,
        "num_successful": 200,
        "num_failed": 0,
        "ttft_p50_ms": 44.9366569519043,
        "ttft_p95_ms": 47.96483516693115,
        "ttft_p99_ms": 54.86100435256958,
        "total_latency_p50_ms": 2919.9286699295044,
        "total_latency_p95_ms": 2930.870997905731,
        "total_latency_p99_ms": 2951.7435121536255,
        "tpot_p50_ms": 11.277588208516438,
        "tpot_p95_ms": 11.31573055304733,
        "tpot_p99_ms": 11.397440713994643,
        "throughput_tok_per_sec": 699.1651508094914,
        "gpu_utilization_mean": 99.87945205479453,
        "gpu_utilization_p50": 100.0,
        "concurrency": 8,
        "wall_time_ms": 73096.28615435213,
        "model_id": "meta-llama/Llama-3.1-8B-Instruct",
        "model_short_name": "Llama-3.1-8B-Instruct"
      }
    ]
  },
  "32": {
    "num_requests": 200,
    "num_successful": 200.0,
    "num_failed": 0,
    "ttft_p50_ms": 72.7306604385376,
    "ttft_p95_ms": 2478.7715911865234,
    "ttft_p99_ms": 1283.5098588466644,
    "total_latency_p50_ms": 3473.887801170349,
    "total_latency_p95_ms": 5876.061403751373,
    "total_latency_p99_ms": 5879.0688490867615,
    "tpot_p50_ms": 13.325769059798297,
    "tpot_p95_ms": 13.404340276531144,
    "tpot_p99_ms": 13.41519968182433,
    "throughput_tok_per_sec": 2059.56619903478,
    "gpu_utilization_mean": 95.09481546146759,
    "gpu_utilization_p50": 100.0,
    "concurrency": 32,
    "wall_time_ms": 26176.814898848534,
    "model_id": "meta-llama/Llama-3.1-8B-Instruct",
    "model_short_name": "Llama-3.1-8B-Instruct",
    "repeats": 2,
    "throughput_tok_per_sec_mean": 2059.56619903478,
    "throughput_tok_per_sec_std": 102.2346669766581,
    "ttft_p50_ms_mean": 72.7306604385376,
    "ttft_p50_ms_std": 0.7778406143188477,
    "ttft_p99_ms_mean": 1283.5098588466644,
    "ttft_p99_ms_std": 1195.5816900730133,
    "tpot_p50_ms_mean": 13.325769059798297,
    "tpot_p50_ms_std": 0.002464359881830802,
    "gpu_utilization_mean_mean": 95.09481546146759,
    "gpu_utilization_mean_std": 4.550754158785587,
    "num_successful_mean": 200.0,
    "num_successful_std": 0.0,
    "runs": [
      {
        "num_requests": 200,
        "num_successful": 200,
        "num_failed": 0,
        "ttft_p50_ms": 71.95281982421875,
        "ttft_p95_ms": 2478.7715911865234,
        "ttft_p99_ms": 2479.0915489196777,
        "total_latency_p50_ms": 3473.887801170349,
        "total_latency_p95_ms": 5876.061403751373,
        "total_latency_p99_ms": 5879.0688490867615,
        "tpot_p50_ms": 13.323304699916466,
        "tpot_p95_ms": 13.404340276531144,
        "tpot_p99_ms": 13.41519968182433,
        "throughput_tok_per_sec": 1957.3315320581216,
        "gpu_utilization_mean": 90.544061302682,
        "gpu_utilization_p50": 100.0,
        "concurrency": 32,