{
  "num_requests": 200,
  "num_successful": 200,
  "num_failed": 0,
  "ttft_p50_ms": 144.23155784606934,
  "ttft_p95_ms": 4889.2961502075195,
  "ttft_p99_ms": 4967.384490966797,
  "total_latency_p50_ms": 4810.86540222168,
  "total_latency_p95_ms": 9530.91049194336,
  "total_latency_p99_ms": 9580.119316577911,
  "tpot_p50_ms": 18.180261406244014,
  "tpot_p95_ms": 18.337871654360903,
  "tpot_p99_ms": 18.37032148884792,
  "throughput_tok_per_sec": 5327.639777884974,
  "gpu_utilization_mean": 98.52083333333333,
  "gpu_utilization_p50": 100.0,
  "concurrency": 128,
  "wall_time_ms": 9607.98895638436,
  "model_id": "meta-llama/Llama-3.1-8B-Instruct",
  "model_short_name": "Llama-3.1-8B-Instruct"
}