{
  "num_requests": 200,
  "num_successful": 200.0,
  "num_failed": 0,
  "ttft_p50_ms": 39.99364376068115,
  "ttft_p95_ms": 49.800312519073486,
  "ttft_p99_ms": 1161.6530442237854,
  "total_latency_p50_ms": 2911.944627761841,
  "total_latency_p95_ms": 2936.1433625221252,
  "total_latency_p99_ms": 5159.6862626075745,
  "tpot_p50_ms": 11.277733363357244,
  "tpot_p95_ms": 11.328531760795443,
  "tpot_p99_ms": 11.382848324738148,
  "throughput_tok_per_sec": 690.2725682336895,
  "gpu_utilization_mean": 98.38639269406393,
  "gpu_utilization_p50": 100.0,
  "concurrency": 8,
  "wall_time_ms": 75155.8269271627,
  "model_id": "meta-llama/Llama-3.1-8B-Instruct",
  "model_short_name": "Llama-3.1-8B-Instruct",
  "repeats": 2,
  "throughput_tok_per_sec_mean": 690.2725682336895,
  "throughput_tok_per_sec_std": 8.892582575801896,
  "ttft_p50_ms_mean": 39.99364376068115,
  "ttft_p50_ms_std": 4.9430131912231445,
  "ttft_p99_ms_mean": 1161.6530442237854,
  "ttft_p99_ms_std": 1106.7920398712158,
  "tpot_p50_ms_mean": 11.277733363357244,
  "tpot_p50_ms_std": 0.00014515484080668273,
  "gpu_utilization_mean_mean": 98.38639269406393,
  "gpu_utilization_mean_std": 1.493059360730598,
  "num_successful_mean": 200.0,
  "num_successful_std": 0.0,
  "runs": [
    {
      "num_requests": 200,
      "num_successful": 200,
      "num_failed": 0,
      "ttft_p50_ms": 35.05063056945801,
      "ttft_p95_ms": 49.800312519073486,
      "ttft_p99_ms": 2268.445084095001,
      "total_latency_p50_ms": 2911.944627761841,
      "total_latency_p95_ms": 2936.1433625221252,
      "total_latency_p99_ms": 5159.6862626075745,
      "tpot_p50_ms": 11.277878518198051,
      "tpot_p95_ms": 11.328531760795443,
      "tpot_p99_ms": 11.382848324738148,
      "throughput_tok_per_sec": 681.3799856578876,
      "gpu_utilization_mean": 96.89333333333333,
      "gpu_utilization_p50": 100.0,
      "concurrency": 8,
      "wall_time_ms": 75155.8269271627,
      "model_id": "meta-llama/Llama-3.1-8B-Instruct",
      "model_short_name": "Llama-3.1-8B-Instruct"
    },
    {
      "num_requests": 200,
      "num_successful": 200,
      "num_failed": 0,
      "ttft_p50_ms": 44.9366569519043,
      "ttft_p95_ms": 47.96483516693115,
      "ttft_p99_ms": 54.86100435256958,
      "total_latency_p50_ms": 2919.9286699295044,
      "total_latency_p95_ms": 2930.870997905731,
      "total_latency_p99_ms": 2951.7435121536255,
      "tpot_p50_ms": 11.277588208516438,
      "tpot_p95_ms": 11.31573055304733,
      "tpot_p99_ms": 11.397440713994643,
      "throughput_tok_per_sec": 699.1651508094914,
      "gpu_utilization_mean": 99.87945205479453,
      "gpu_utilization_p50": 100.0,
      "concurrency": 8,
      "wall_time_ms": 73096.28615435213,
      "model_id": "meta-llama/Llama-3.1-8B-Instruct",
      "model_short_name": "Llama-3.1-8B-Instruct"
    }
  ]
}