{
  "num_requests": 200,
  "num_successful": 200.0,
  "num_failed": 0,
  "ttft_p50_ms": 2315.2037858963013,
  "ttft_p95_ms": 4930.167102813721,
  "ttft_p99_ms": 4955.859367847443,
  "total_latency_p50_ms": 6740.915656089783,
  "total_latency_p95_ms": 9539.798772335052,
  "total_latency_p99_ms": 9541.158773899078,
  "tpot_p50_ms": 18.183556257509718,
  "tpot_p95_ms": 18.255471201503976,
  "tpot_p99_ms": 18.271860543419333,
  "throughput_tok_per_sec": 5352.672505911893,
  "gpu_utilization_mean": 98.5857843137255,
  "gpu_utilization_p50": 100.0,
  "concurrency": 256,
  "wall_time_ms": 9570.049715228379,
  "model_id": "meta-llama/Llama-3.1-8B-Instruct",
  "model_short_name": "Llama-3.1-8B-Instruct",
  "repeats": 2,
  "throughput_tok_per_sec_mean": 5352.672505911893,
  "throughput_tok_per_sec_std": 3.0520354152304208,
  "ttft_p50_ms_mean": 2315.2037858963013,
  "ttft_p50_ms_std": 189.45717811584473,
  "ttft_p99_ms_mean": 4955.859367847443,
  "ttft_p99_ms_std": 1.1703228950500488,
  "tpot_p50_ms_mean": 18.183556257509718,
  "tpot_p50_ms_std": 0.012646469415404482,
  "gpu_utilization_mean_mean": 98.5857843137255,
  "gpu_utilization_mean_std": 0.002450980392161739,
  "num_successful_mean": 200.0,
  "num_successful_std": 0.0,
  "runs": [
    {
      "num_requests": 200,
      "num_successful": 200,
      "num_failed": 0,
      "ttft_p50_ms": 2125.7466077804565,
      "ttft_p95_ms": 4930.167102813721,
      "ttft_p99_ms": 4954.689044952393,
      "total_latency_p50_ms": 6740.915656089783,
      "total_latency_p95_ms": 9539.798772335052,
      "total_latency_p99_ms": 9541.158773899078,
      "tpot_p50_ms": 18.170909788094313,
      "tpot_p95_ms": 18.255471201503976,
      "tpot_p99_ms": 18.271860543419333,
      "throughput_tok_per_sec": 5355.724541327123,
      "gpu_utilization_mean": 98.58333333333333,
      "gpu_utilization_p50": 100.0,
      "concurrency": 256,
      "wall_time_ms": 9570.049715228379,
      "model_id": "meta-llama/Llama-3.1-8B-Instruct",
      "model_short_name": "Llama-3.1-8B-Instruct"
    },
    {
      "num_requests": 200,
      "num_successful": 200,
      "num_failed": 0,
      "ttft_p50_ms": 2504.660964012146,
      "ttft_p95_ms": 4956.153380870819,
      "ttft_p99_ms": 4957.029690742493,
      "total_latency_p50_ms": 7104.600667953491,
      "total_latency_p95_ms": 9558.6132645607,
      "total_latency_p99_ms": 9559.984431266785,
      "tpot_p50_ms": 18.196202726925122,
      "tpot_p95_ms": 18.26176554548974,
      "tpot_p99_ms": 18.28061009388344,
      "throughput_tok_per_sec": 5349.620470496662,
      "gpu_utilization_mean": 98.58823529411765,
      "gpu_utilization_p50": 100.0,
      "concurrency": 256,
      "wall_time_ms": 9590.253276750445,
      "model_id": "meta-llama/Llama-3.1-8B-Instruct",
      "model_short_name": "Llama-3.1-8B-Instruct"
    }
  ]
}