{
  "num_requests": 200,
  "num_successful": 200.0,
  "num_failed": 0,
  "ttft_p50_ms": 23.568451404571533,
  "ttft_p95_ms": 30.59674501419067,
  "ttft_p99_ms": 30.674846172332266,
  "total_latency_p50_ms": 2831.583857536316,
  "total_latency_p95_ms": 2838.408303260803,
  "total_latency_p99_ms": 2847.2271537780753,
  "tpot_p50_ms": 11.005586736342487,
  "tpot_p95_ms": 11.014480964810241,
  "tpot_p99_ms": 11.026381174723307,
  "throughput_tok_per_sec": 90.04765651451196,
  "gpu_utilization_mean": 99.18739264397956,
  "gpu_utilization_p50": 100.0,
  "concurrency": 1,
  "wall_time_ms": 571467.5197899342,
  "model_id": "meta-llama/Llama-3.1-8B-Instruct",
  "model_short_name": "Llama-3.1-8B-Instruct",
  "repeats": 2,
  "throughput_tok_per_sec_mean": 90.04765651451196,
  "throughput_tok_per_sec_std": 0.44635991066603253,
  "ttft_p50_ms_mean": 23.568451404571533,
  "ttft_p50_ms_std": 1.4813542366027832,
  "ttft_p99_ms_mean": 30.674846172332266,
  "ttft_p99_ms_std": 4.592781066894034,
  "tpot_p50_ms_mean": 11.005586736342487,
  "tpot_p50_ms_std": 0.0007853788488052516,
  "gpu_utilization_mean_mean": 99.18739264397956,
  "gpu_utilization_mean_std": 0.3891887348406229,
  "num_successful_mean": 200.0,
  "num_successful_std": 0.0,
  "runs": [
    {
      "num_requests": 200,
      "num_successful": 200,
      "num_failed": 0,
      "ttft_p50_ms": 25.049805641174316,
      "ttft_p95_ms": 30.59674501419067,
      "ttft_p99_ms": 35.2676272392263,
      "total_latency_p50_ms": 2831.583857536316,
      "total_latency_p95_ms": 2838.408303260803,
      "total_latency_p99_ms": 2847.2271537780753,
      "tpot_p50_ms": 11.006372115191292,
      "tpot_p95_ms": 11.014480964810241,
      "tpot_p99_ms": 11.026381174723307,
      "throughput_tok_per_sec": 89.60129660384592,
      "gpu_utilization_mean": 98.79820390913893,
      "gpu_utilization_p50": 100.0,
      "concurrency": 1,
      "wall_time_ms": 571467.5197899342,
      "model_id": "meta-llama/Llama-3.1-8B-Instruct",
      "model_short_name": "Llama-3.1-8B-Instruct"
    },
    {
      "num_requests": 200,
      "num_successful": 200,
      "num_failed": 0,
      "ttft_p50_ms": 22.08709716796875,
      "ttft_p95_ms": 25.465822219848633,
      "ttft_p99_ms": 26.082065105438232,
      "total_latency_p50_ms": 2828.1103372573853,
      "total_latency_p95_ms": 2831.3292503356934,
      "total_latency_p99_ms": 2832.4091601371765,
      "tpot_p50_ms": 11.004801357493681,
      "tpot_p95_ms": 11.012927784639245,
      "tpot_p99_ms": 11.023030570909087,
      "throughput_tok_per_sec": 90.49401642517799,
      "gpu_utilization_mean": 99.57658137882018,
      "gpu_utilization_p50": 100.0,
      "concurrency": 1,
      "wall_time_ms": 565807.5956711546,
      "model_id": "meta-llama/Llama-3.1-8B-Instruct",
      "model_short_name": "Llama-3.1-8B-Instruct"
    }
  ]
}