{
  "num_requests": 200,
  "num_successful": 200,
  "num_failed": 0,
  "ttft_p50_ms": 35.05063056945801,
  "ttft_p95_ms": 49.800312519073486,
  "ttft_p99_ms": 2268.445084095001,
  "total_latency_p50_ms": 2911.944627761841,
  "total_latency_p95_ms": 2936.1433625221252,
  "total_latency_p99_ms": 5159.6862626075745,
  "tpot_p50_ms": 11.277878518198051,
  "tpot_p95_ms": 11.328531760795443,
  "tpot_p99_ms": 11.382848324738148,
  "throughput_tok_per_sec": 681.3799856578876,
  "gpu_utilization_mean": 96.89333333333333,
  "gpu_utilization_p50": 100.0,
  "concurrency": 8,
  "wall_time_ms": 75155.8269271627,
  "model_id": "meta-llama/Llama-3.1-8B-Instruct",
  "model_short_name": "Llama-3.1-8B-Instruct"
}