{
  "num_requests": 200,
  "num_successful": 200.0,
  "num_failed": 0,
  "ttft_p50_ms": 91.07595682144165,
  "ttft_p95_ms": 133.4044098854065,
  "ttft_p99_ms": 214.8679149150848,
  "total_latency_p50_ms": 4150.602340698242,
  "total_latency_p95_ms": 4203.744852542877,
  "total_latency_p99_ms": 4208.287117481232,
  "tpot_p50_ms": 15.971386432647705,
  "tpot_p95_ms": 16.026086853999715,
  "tpot_p99_ms": 16.037012016071994,
  "throughput_tok_per_sec": 3314.4691105266984,
  "gpu_utilization_mean": 98.84415584415585,
  "gpu_utilization_p50": 100.0,
  "concurrency": 64,
  "wall_time_ms": 15377.07694619894,
  "model_id": "meta-llama/Llama-3.1-8B-Instruct",
  "model_short_name": "Llama-3.1-8B-Instruct",
  "repeats": 2,
  "throughput_tok_per_sec_mean": 3314.4691105266984,
  "throughput_tok_per_sec_std": 19.403154541995264,
  "ttft_p50_ms_mean": 91.07595682144165,
  "ttft_p50_ms_std": 7.337987422943115,
  "ttft_p99_ms_mean": 214.8679149150848,
  "ttft_p99_ms_std": 67.4007308483124,
  "tpot_p50_ms_mean": 15.971386432647705,
  "tpot_p50_ms_std": 0.01983899696200453,
  "gpu_utilization_mean_mean": 98.84415584415585,
  "gpu_utilization_mean_std": 0.5584415584415581,
  "num_successful_mean": 200.0,
  "num_successful_std": 0.0,
  "runs": [
    {
      "num_requests": 200,
      "num_successful": 200,
      "num_failed": 0,
      "ttft_p50_ms": 83.73796939849854,
      "ttft_p95_ms": 133.4044098854065,
      "ttft_p99_ms": 147.4671840667724,
      "total_latency_p50_ms": 4150.602340698242,
      "total_latency_p95_ms": 4203.744852542877,
      "total_latency_p99_ms": 4208.287117481232,
      "tpot_p50_ms": 15.9515474356857,
      "tpot_p95_ms": 16.026086853999715,
      "tpot_p99_ms": 16.037012016071994,
      "throughput_tok_per_sec": 3333.8722650686937,
      "gpu_utilization_mean": 99.40259740259741,
      "gpu_utilization_p50": 100.0,
      "concurrency": 64,
      "wall_time_ms": 15377.07694619894,
      "model_id": "meta-llama/Llama-3.1-8B-Instruct",
      "model_short_name": "Llama-3.1-8B-Instruct"
    },
    {
      "num_requests": 200,
      "num_successful": 200,
      "num_failed": 0,
      "ttft_p50_ms": 98.41394424438477,
      "ttft_p95_ms": 280.17672300338745,
      "ttft_p99_ms": 282.2686457633972,
      "total_latency_p50_ms": 4174.278736114502,
      "total_latency_p95_ms": 4368.812847137451,
      "total_latency_p99_ms": 4371.25538110733,
      "tpot_p50_ms": 15.99122542960971,
      "tpot_p95_ms": 16.068351736255718,
      "tpot_p99_ms": 16.083545348223517,
      "throughput_tok_per_sec": 3295.065955984703,
      "gpu_utilization_mean": 98.28571428571429,
      "gpu_utilization_p50": 100.0,
      "concurrency": 64,
      "wall_time_ms": 15559.284006245434,
      "model_id": "meta-llama/Llama-3.1-8B-Instruct",
      "model_short_name": "Llama-3.1-8B-Instruct"
    }
  ]
}