{
  "num_requests": 200,
  "num_successful": 200.0,
  "num_failed": 0,
  "ttft_p50_ms": 150.91288089752197,
  "ttft_p95_ms": 4866.63875579834,
  "ttft_p99_ms": 4924.742637872696,
  "total_latency_p50_ms": 4785.436391830444,
  "total_latency_p95_ms": 9491.043519973755,
  "total_latency_p99_ms": 9512.36956357956,
  "tpot_p50_ms": 18.159655729929604,
  "tpot_p95_ms": 18.214077061297846,
  "tpot_p99_ms": 18.220112426608214,
  "throughput_tok_per_sec": 5334.474058299804,
  "gpu_utilization_mean": 98.59375,
  "gpu_utilization_p50": 100.0,
  "concurrency": 128,
  "wall_time_ms": 9596.654180437326,
  "model_id": "meta-llama/Llama-3.1-8B-Instruct",
  "model_short_name": "Llama-3.1-8B-Instruct",
  "repeats": 2,
  "throughput_tok_per_sec_mean": 5334.474058299804,
  "throughput_tok_per_sec_std": 6.834280414829664,
  "ttft_p50_ms_mean": 150.91288089752197,
  "ttft_p50_ms_std": 6.681323051452637,
  "ttft_p99_ms_mean": 4924.742637872696,
  "ttft_p99_ms_std": 42.64185309410095,
  "tpot_p50_ms_mean": 18.159655729929604,
  "tpot_p50_ms_std": 0.020605676314408683,
  "gpu_utilization_mean_mean": 98.59375,
  "gpu_utilization_mean_std": 0.0729166666666714,
  "num_successful_mean": 200.0,
  "num_successful_std": 0.0,
  "runs": [
    {
      "num_requests": 200,
      "num_successful": 200,
      "num_failed": 0,
      "ttft_p50_ms": 157.5942039489746,
      "ttft_p95_ms": 4866.63875579834,
      "ttft_p99_ms": 4882.100784778595,
      "total_latency_p50_ms": 4785.436391830444,
      "total_latency_p95_ms": 9491.043519973755,
      "total_latency_p99_ms": 9512.36956357956,
      "tpot_p50_ms": 18.139050053615197,
      "tpot_p95_ms": 18.214077061297846,
      "tpot_p99_ms": 18.220112426608214,
      "throughput_tok_per_sec": 5341.3083387146335,
      "gpu_utilization_mean": 98.66666666666667,
      "gpu_utilization_p50": 100.0,
      "concurrency": 128,
      "wall_time_ms": 9596.654180437326,
      "model_id": "meta-llama/Llama-3.1-8B-Instruct",
      "model_short_name": "Llama-3.1-8B-Instruct"
    },
    {
      "num_requests": 200,
      "num_successful": 200,
      "num_failed": 0,
      "ttft_p50_ms": 144.23155784606934,
      "ttft_p95_ms": 4889.2961502075195,
      "ttft_p99_ms": 4967.384490966797,
      "total_latency_p50_ms": 4810.86540222168,
      "total_latency_p95_ms": 9530.91049194336,
      "total_latency_p99_ms": 9580.119316577911,
      "tpot_p50_ms": 18.180261406244014,
      "tpot_p95_ms": 18.337871654360903,
      "tpot_p99_ms": 18.37032148884792,
      "throughput_tok_per_sec": 5327.639777884974,
      "gpu_utilization_mean": 98.52083333333333,
      "gpu_utilization_p50": 100.0,
      "concurrency": 128,
      "wall_time_ms": 9607.98895638436,
      "model_id": "meta-llama/Llama-3.1-8B-Instruct",
      "model_short_name": "Llama-3.1-8B-Instruct"
    }
  ]
}