{
  "num_requests": 200,
  "num_successful": 200,
  "num_failed": 0,
  "ttft_p50_ms": 71.95281982421875,
  "ttft_p95_ms": 2478.7715911865234,
  "ttft_p99_ms": 2479.0915489196777,
  "total_latency_p50_ms": 3473.887801170349,
  "total_latency_p95_ms": 5876.061403751373,
  "total_latency_p99_ms": 5879.0688490867615,
  "tpot_p50_ms": 13.323304699916466,
  "tpot_p95_ms": 13.404340276531144,
  "tpot_p99_ms": 13.41519968182433,
  "throughput_tok_per_sec": 1957.3315320581216,
  "gpu_utilization_mean": 90.544061302682,
  "gpu_utilization_p50": 100.0,
  "concurrency": 32,
  "wall_time_ms": 26176.814898848534,
  "model_id": "meta-llama/Llama-3.1-8B-Instruct",
  "model_short_name": "Llama-3.1-8B-Instruct"
}