{
  "num_requests": 200,
  "num_successful": 200,
  "num_failed": 0,
  "ttft_p50_ms": 32.651662826538086,
  "ttft_p95_ms": 41.551876068115234,
  "ttft_p99_ms": 43.57731103897095,
  "total_latency_p50_ms": 2945.315718650818,
  "total_latency_p95_ms": 2965.5380606651306,
  "total_latency_p99_ms": 2967.8541493415833,
  "tpot_p50_ms": 11.423345173106473,
  "tpot_p95_ms": 11.473705441344018,
  "tpot_p99_ms": 11.502452719445321,
  "throughput_tok_per_sec": 691.4897808011027,
  "gpu_utilization_mean": 99.78561736770692,
  "gpu_utilization_p50": 100.0,
  "engine": "sglang",
  "concurrency": 8,
  "wall_time_ms": 73807.7059192583,
  "model_id": "meta-llama/Llama-3.1-8B-Instruct",
  "model_short_name": "Llama-3.1-8B-Instruct"
}