{
  "num_requests": 200,
  "num_successful": 200.0,
  "num_failed": 0,
  "ttft_p50_ms": 37.40590810775757,
  "ttft_p95_ms": 51.687657833099365,
  "ttft_p99_ms": 38.62508296966553,
  "total_latency_p50_ms": 2836.769223213196,
  "total_latency_p95_ms": 2843.3207035064697,
  "total_latency_p99_ms": 2845.3291511535645,
  "tpot_p50_ms": 10.926120421465706,
  "tpot_p95_ms": 10.953045452342314,
  "tpot_p99_ms": 10.96716465912466,
  "throughput_tok_per_sec": 90.59952209916383,
  "gpu_utilization_mean": 99.83495951731373,
  "gpu_utilization_p50": 100.0,
  "engine": "sglang",
  "concurrency": 1,
  "wall_time_ms": 567941.9097565114,
  "model_id": "meta-llama/Llama-3.1-8B-Instruct",
  "model_short_name": "Llama-3.1-8B-Instruct",
  "repeats": 2,
  "throughput_tok_per_sec_mean": 90.59952209916383,
  "throughput_tok_per_sec_std": 0.42600618449308314,
  "ttft_p50_ms_mean": 37.40590810775757,
  "ttft_p50_ms_std": 13.122379779815674,
  "ttft_p99_ms_mean": 38.62508296966553,
  "ttft_p99_ms_std": 13.594837188720703,
  "tpot_p50_ms_mean": 10.926120421465706,
  "tpot_p50_ms_std": 0.00035622540642243905,
  "gpu_utilization_mean_mean": 99.83495951731373,
  "gpu_utilization_mean_std": 0.00920328168663076,
  "num_successful_mean": 200.0,
  "num_successful_std": 0.0,
  "runs": [
    {
      "num_requests": 200,
      "num_successful": 200,
      "num_failed": 0,
      "ttft_p50_ms": 50.52828788757324,
      "ttft_p95_ms": 51.687657833099365,
      "ttft_p99_ms": 52.21992015838623,
      "total_latency_p50_ms": 2836.769223213196,
      "total_latency_p95_ms": 2843.3207035064697,
      "total_latency_p99_ms": 2845.3291511535645,
      "tpot_p50_ms": 10.926476646872128,
      "tpot_p95_ms": 10.953045452342314,
      "tpot_p99_ms": 10.96716465912466,
      "throughput_tok_per_sec": 90.17351591467074,
      "gpu_utilization_mean": 99.8257562356271,
      "gpu_utilization_p50": 100.0,
      "engine": "sglang",
      "concurrency": 1,
      "wall_time_ms": 567941.9097565114,
      "model_id": "meta-llama/Llama-3.1-8B-Instruct",
      "model_short_name": "Llama-3.1-8B-Instruct"
    },
    {
      "num_requests": 200,
      "num_successful": 200,
      "num_failed": 0,
      "ttft_p50_ms": 24.283528327941895,
      "ttft_p95_ms": 24.789869785308838,
      "ttft_p99_ms": 25.030245780944824,
      "total_latency_p50_ms": 2810.3737831115723,
      "total_latency_p95_ms": 2816.865909099579,
      "total_latency_p99_ms": 2818.0342602729797,
      "tpot_p50_ms": 10.925764196059284,
      "tpot_p95_ms": 10.95060479407217,
      "tpot_p99_ms": 10.956598646500531,
      "throughput_tok_per_sec": 91.02552828365691,
      "gpu_utilization_mean": 99.84416279900036,
      "gpu_utilization_p50": 100.0,
      "engine": "sglang",
      "concurrency": 1,
      "wall_time_ms": 562499.7653868049,
      "model_id": "meta-llama/Llama-3.1-8B-Instruct",
      "model_short_name": "Llama-3.1-8B-Instruct"
    }
  ]
}