{
  "num_requests": 200,
  "num_successful": 200.0,
  "num_failed": 0,
  "ttft_p50_ms": 146.72547578811646,
  "ttft_p95_ms": 5542.65673160553,
  "ttft_p99_ms": 5540.256499052048,
  "total_latency_p50_ms": 5390.912771224976,
  "total_latency_p95_ms": 10756.396985054016,
  "total_latency_p99_ms": 10761.91220998764,
  "tpot_p50_ms": 20.54180841819913,
  "tpot_p95_ms": 20.733146480485505,
  "tpot_p99_ms": 20.76975789724612,
  "throughput_tok_per_sec": 4729.634798064848,
  "gpu_utilization_mean": 98.81481481481481,
  "gpu_utilization_p50": 100.0,
  "engine": "sglang",
  "concurrency": 128,
  "wall_time_ms": 10820.4097263515,
  "model_id": "meta-llama/Llama-3.1-8B-Instruct",
  "model_short_name": "Llama-3.1-8B-Instruct",
  "repeats": 2,
  "throughput_tok_per_sec_mean": 4729.634798064848,
  "throughput_tok_per_sec_std": 4.120501982649785,
  "ttft_p50_ms_mean": 146.72547578811646,
  "ttft_p50_ms_std": 1.7226338386535645,
  "ttft_p99_ms_mean": 5540.256499052048,
  "ttft_p99_ms_std": 2.6173436641693115,
  "tpot_p50_ms_mean": 20.54180841819913,
  "tpot_p50_ms_std": 0.013325027391022815,
  "gpu_utilization_mean_mean": 98.81481481481481,
  "gpu_utilization_mean_std": 0.4074074074074119,
  "num_successful_mean": 200.0,
  "num_successful_std": 0.0,
  "runs": [
    {
      "num_requests": 200,
      "num_successful": 200,
      "num_failed": 0,
      "ttft_p50_ms": 145.0028419494629,
      "ttft_p95_ms": 5542.65673160553,
      "ttft_p99_ms": 5542.873842716217,
      "total_latency_p50_ms": 5390.912771224976,
      "total_latency_p95_ms": 10756.396985054016,
      "total_latency_p99_ms": 10761.91220998764,
      "tpot_p50_ms": 20.528483390808105,
      "tpot_p95_ms": 20.733146480485505,
      "tpot_p99_ms": 20.76975789724612,
      "throughput_tok_per_sec": 4733.755300047497,
      "gpu_utilization_mean": 99.22222222222223,
      "gpu_utilization_p50": 100.0,
      "engine": "sglang",
      "concurrency": 128,
      "wall_time_ms": 10820.4097263515,
      "model_id": "meta-llama/Llama-3.1-8B-Instruct",
      "model_short_name": "Llama-3.1-8B-Instruct"
    },
    {
      "num_requests": 200,
      "num_successful": 200,
      "num_failed": 0,
      "ttft_p50_ms": 148.44810962677002,
      "ttft_p95_ms": 5455.643737316132,
      "ttft_p99_ms": 5537.639155387878,
      "total_latency_p50_ms": 5392.949223518372,
      "total_latency_p95_ms": 10699.173188209534,
      "total_latency_p99_ms": 10704.944369792938,
      "tpot_p50_ms": 20.55513344559015,
      "tpot_p95_ms": 20.77896880168541,
      "tpot_p99_ms": 20.832448841055946,
      "throughput_tok_per_sec": 4725.514296082198,
      "gpu_utilization_mean": 98.4074074074074,
      "gpu_utilization_p50": 100.0,
      "engine": "sglang",
      "concurrency": 128,
      "wall_time_ms": 10805.466186255217,
      "model_id": "meta-llama/Llama-3.1-8B-Instruct",
      "model_short_name": "Llama-3.1-8B-Instruct"
    }
  ]
}