{
  "num_requests": 200,
  "num_successful": 200,
  "num_failed": 0,
  "ttft_p50_ms": 24.283528327941895,
  "ttft_p95_ms": 24.789869785308838,
  "ttft_p99_ms": 25.030245780944824,
  "total_latency_p50_ms": 2810.3737831115723,
  "total_latency_p95_ms": 2816.865909099579,
  "total_latency_p99_ms": 2818.0342602729797,
  "tpot_p50_ms": 10.925764196059284,
  "tpot_p95_ms": 10.95060479407217,
  "tpot_p99_ms": 10.956598646500531,
  "throughput_tok_per_sec": 91.02552828365691,
  "gpu_utilization_mean": 99.84416279900036,
  "gpu_utilization_p50": 100.0,
  "engine": "sglang",
  "concurrency": 1,
  "wall_time_ms": 562499.7653868049,
  "model_id": "meta-llama/Llama-3.1-8B-Instruct",
  "model_short_name": "Llama-3.1-8B-Instruct"
}