{
  "num_requests": 200,
  "num_successful": 200.0,
  "num_failed": 0,
  "ttft_p50_ms": 98.36947917938232,
  "ttft_p95_ms": 120.41298151016235,
  "ttft_p99_ms": 121.54511570930481,
  "total_latency_p50_ms": 4561.6466999053955,
  "total_latency_p95_ms": 4576.782429218292,
  "total_latency_p99_ms": 4579.368693828583,
  "tpot_p50_ms": 17.523432479185217,
  "tpot_p95_ms": 17.563688895281622,
  "tpot_p99_ms": 17.608768163942823,
  "throughput_tok_per_sec": 3067.8515212173575,
  "gpu_utilization_mean": 99.33033330928504,
  "gpu_utilization_p50": 100.0,
  "engine": "sglang",
  "concurrency": 64,
  "wall_time_ms": 16668.83750166744,
  "model_id": "meta-llama/Llama-3.1-8B-Instruct",
  "model_short_name": "Llama-3.1-8B-Instruct",
  "repeats": 2,
  "throughput_tok_per_sec_mean": 3067.8515212173575,
  "throughput_tok_per_sec_std": 5.607782560722171,
  "ttft_p50_ms_mean": 98.36947917938232,
  "ttft_p50_ms_std": 2.7271509170532227,
  "ttft_p99_ms_mean": 121.54511570930481,
  "ttft_p99_ms_std": 0.06919741630554199,
  "tpot_p50_ms_mean": 17.523432479185217,
  "tpot_p50_ms_std": 0.01760440714219058,
  "gpu_utilization_mean_mean": 99.33033330928504,
  "gpu_utilization_mean_std": 0.0009919919197756144,
  "num_successful_mean": 200.0,
  "num_successful_std": 0.0,
  "runs": [
    {
      "num_requests": 200,
      "num_successful": 200,
      "num_failed": 0,
      "ttft_p50_ms": 101.09663009643555,
      "ttft_p95_ms": 120.41298151016235,
      "ttft_p99_ms": 121.47591829299927,
      "total_latency_p50_ms": 4561.6466999053955,
      "total_latency_p95_ms": 4576.782429218292,
      "total_latency_p99_ms": 4579.368693828583,
      "tpot_p50_ms": 17.505828072043027,
      "tpot_p95_ms": 17.563688895281622,
      "tpot_p99_ms": 17.608768163942823,
      "throughput_tok_per_sec": 3073.4593037780796,
      "gpu_utilization_mean": 99.33132530120481,
      "gpu_utilization_p50": 100.0,
      "engine": "sglang",
      "concurrency": 64,
      "wall_time_ms": 16668.83750166744,
      "model_id": "meta-llama/Llama-3.1-8B-Instruct",
      "model_short_name": "Llama-3.1-8B-Instruct"
    },
    {
      "num_requests": 200,
      "num_successful": 200,
      "num_failed": 0,
      "ttft_p50_ms": 95.6423282623291,
      "ttft_p95_ms": 114.7820234298706,
      "ttft_p99_ms": 121.61431312561035,
      "total_latency_p50_ms": 4570.348501205444,
      "total_latency_p95_ms": 4594.814121723175,
      "total_latency_p99_ms": 4600.181591510773,
      "tpot_p50_ms": 17.541036886327408,
      "tpot_p95_ms": 17.633059071559533,
      "tpot_p99_ms": 17.677503155727013,
      "throughput_tok_per_sec": 3062.2437386566353,
      "gpu_utilization_mean": 99.32934131736526,
      "gpu_utilization_p50": 100.0,
      "engine": "sglang",
      "concurrency": 64,
      "wall_time_ms": 16722.837014123797,
      "model_id": "meta-llama/Llama-3.1-8B-Instruct",
      "model_short_name": "Llama-3.1-8B-Instruct"
    }
  ]
}