{
  "num_requests": 200,
  "num_successful": 200.0,
  "num_failed": 0,
  "ttft_p50_ms": 2558.100402355194,
  "ttft_p95_ms": 5857.208430767059,
  "ttft_p99_ms": 5714.130378961563,
  "total_latency_p50_ms": 8026.730418205261,
  "total_latency_p95_ms": 11085.702180862427,
  "total_latency_p99_ms": 11090.619175434113,
  "tpot_p50_ms": 20.712835238760334,
  "tpot_p95_ms": 21.25036071955673,
  "tpot_p99_ms": 21.322754655565536,
  "throughput_tok_per_sec": 4627.91490326442,
  "gpu_utilization_mean": 98.81631631631632,
  "gpu_utilization_p50": 100.0,
  "engine": "sglang",
  "concurrency": 256,
  "wall_time_ms": 11117.225324735045,
  "model_id": "meta-llama/Llama-3.1-8B-Instruct",
  "model_short_name": "Llama-3.1-8B-Instruct",
  "repeats": 2,
  "throughput_tok_per_sec_mean": 4627.91490326442,
  "throughput_tok_per_sec_std": 92.7864397936496,
  "ttft_p50_ms_mean": 2558.100402355194,
  "ttft_p50_ms_std": 208.9175581932068,
  "ttft_p99_ms_mean": 5714.130378961563,
  "ttft_p99_ms_std": 144.68928933143616,
  "tpot_p50_ms_mean": 20.712835238760334,
  "tpot_p50_ms_std": 0.1932357725557452,
  "gpu_utilization_mean_mean": 98.81631631631632,
  "gpu_utilization_mean_std": 0.40890890890891285,
  "num_successful_mean": 200.0,
  "num_successful_std": 0.0,
  "runs": [
    {
      "num_requests": 200,
      "num_successful": 200,
      "num_failed": 0,
      "ttft_p50_ms": 2767.017960548401,
      "ttft_p95_ms": 5857.208430767059,
      "ttft_p99_ms": 5858.819668292999,
      "total_latency_p50_ms": 8026.730418205261,
      "total_latency_p95_ms": 11085.702180862427,
      "total_latency_p99_ms": 11090.619175434113,
      "tpot_p50_ms": 20.90607101131608,
      "tpot_p95_ms": 21.25036071955673,
      "tpot_p99_ms": 21.322754655565536,
      "throughput_tok_per_sec": 4535.12846347077,
      "gpu_utilization_mean": 99.22522522522523,
      "gpu_utilization_p50": 100.0,
      "engine": "sglang",
      "concurrency": 256,
      "wall_time_ms": 11117.225324735045,
      "model_id": "meta-llama/Llama-3.1-8B-Instruct",
      "model_short_name": "Llama-3.1-8B-Instruct"
    },
    {
      "num_requests": 200,
      "num_successful": 200,
      "num_failed": 0,
      "ttft_p50_ms": 2349.1828441619873,
      "ttft_p95_ms": 5568.988621234894,
      "ttft_p99_ms": 5569.441089630127,
      "total_latency_p50_ms": 6788.6000871658325,
      "total_latency_p95_ms": 10789.578211307526,
      "total_latency_p99_ms": 10794.550876617432,
      "tpot_p50_ms": 20.51959946620459,
      "tpot_p95_ms": 20.745580710616764,
      "tpot_p99_ms": 20.792456636241837,
      "throughput_tok_per_sec": 4720.701343058069,
      "gpu_utilization_mean": 98.4074074074074,
      "gpu_utilization_p50": 100.0,
      "engine": "sglang",
      "concurrency": 256,
      "wall_time_ms": 10819.59187425673,
      "model_id": "meta-llama/Llama-3.1-8B-Instruct",
      "model_short_name": "Llama-3.1-8B-Instruct"
    }
  ]
}