{
  "num_requests": 200,
  "num_successful": 200,
  "num_failed": 0,
  "ttft_p50_ms": 95.6423282623291,
  "ttft_p95_ms": 114.7820234298706,
  "ttft_p99_ms": 121.61431312561035,
  "total_latency_p50_ms": 4570.348501205444,
  "total_latency_p95_ms": 4594.814121723175,
  "total_latency_p99_ms": 4600.181591510773,
  "tpot_p50_ms": 17.541036886327408,
  "tpot_p95_ms": 17.633059071559533,
  "tpot_p99_ms": 17.677503155727013,
  "throughput_tok_per_sec": 3062.2437386566353,
  "gpu_utilization_mean": 99.32934131736526,
  "gpu_utilization_p50": 100.0,
  "engine": "sglang",
  "concurrency": 64,
  "wall_time_ms": 16722.837014123797,
  "model_id": "meta-llama/Llama-3.1-8B-Instruct",
  "model_short_name": "Llama-3.1-8B-Instruct"
}