{
  "num_requests": 200,
  "num_successful": 200.0,
  "num_failed": 0,
  "ttft_p50_ms": 62.22856044769287,
  "ttft_p95_ms": 365.14937877655007,
  "ttft_p99_ms": 233.97502899169922,
  "total_latency_p50_ms": 3679.114580154419,
  "total_latency_p95_ms": 3695.0958490371704,
  "total_latency_p99_ms": 3961.181893348694,
  "tpot_p50_ms": 14.176770285064098,
  "tpot_p95_ms": 14.238359928131104,
  "tpot_p99_ms": 14.288180005316642,
  "throughput_tok_per_sec": 2034.8085337289406,
  "gpu_utilization_mean": 99.56374501992032,
  "gpu_utilization_p50": 100.0,
  "engine": "sglang",
  "concurrency": 32,
  "wall_time_ms": 25106.604141183197,
  "model_id": "meta-llama/Llama-3.1-8B-Instruct",
  "model_short_name": "Llama-3.1-8B-Instruct",
  "repeats": 2,
  "throughput_tok_per_sec_mean": 2034.8085337289406,
  "throughput_tok_per_sec_std": 6.8128753120488454,
  "ttft_p50_ms_mean": 62.22856044769287,
  "ttft_p50_ms_std": 0.8684396743774414,
  "ttft_p99_ms_mean": 233.97502899169922,
  "ttft_p99_ms_std": 154.66192722320557,
  "tpot_p50_ms_mean": 14.176770285064098,
  "tpot_p50_ms_std": 0.0021901785158640052,
  "gpu_utilization_mean_mean": 99.56374501992032,
  "gpu_utilization_mean_std": 0.0577689243027919,
  "num_successful_mean": 200.0,
  "num_successful_std": 0.0,
  "runs": [
    {
      "num_requests": 200,
      "num_successful": 200,
      "num_failed": 0,
      "ttft_p50_ms": 63.09700012207031,
      "ttft_p95_ms": 365.14937877655007,
      "ttft_p99_ms": 388.6369562149048,
      "total_latency_p50_ms": 3679.114580154419,
      "total_latency_p95_ms": 3695.0958490371704,
      "total_latency_p99_ms": 3961.181893348694,
      "tpot_p50_ms": 14.174580106548234,
      "tpot_p95_ms": 14.238359928131104,
      "tpot_p99_ms": 14.288180005316642,
      "throughput_tok_per_sec": 2027.9956584168917,
      "gpu_utilization_mean": 99.62151394422311,
      "gpu_utilization_p50": 100.0,
      "engine": "sglang",
      "concurrency": 32,
      "wall_time_ms": 25106.604141183197,
      "model_id": "meta-llama/Llama-3.1-8B-Instruct",
      "model_short_name": "Llama-3.1-8B-Instruct"
    },
    {
      "num_requests": 200,
      "num_successful": 200,
      "num_failed": 0,
      "ttft_p50_ms": 61.36012077331543,
      "ttft_p95_ms": 78.04522514343262,
      "ttft_p99_ms": 79.31310176849365,
      "total_latency_p50_ms": 3676.97274684906,
      "total_latency_p95_ms": 3692.9238200187683,
      "total_latency_p99_ms": 3696.8697118759155,
      "tpot_p50_ms": 14.178960463579962,
      "tpot_p95_ms": 14.239401209588145,
      "tpot_p99_ms": 14.286560965519325,
      "throughput_tok_per_sec": 2041.6214090409894,
      "gpu_utilization_mean": 99.50597609561753,
      "gpu_utilization_p50": 100.0,
      "engine": "sglang",
      "concurrency": 32,
      "wall_time_ms": 25088.444993831217,
      "model_id": "meta-llama/Llama-3.1-8B-Instruct",
      "model_short_name": "Llama-3.1-8B-Instruct"
    }
  ]
}