{
  "num_requests": 200,
  "num_successful": 200,
  "num_failed": 0,
  "ttft_p50_ms": 148.44810962677002,
  "ttft_p95_ms": 5455.643737316132,
  "ttft_p99_ms": 5537.639155387878,
  "total_latency_p50_ms": 5392.949223518372,
  "total_latency_p95_ms": 10699.173188209534,
  "total_latency_p99_ms": 10704.944369792938,
  "tpot_p50_ms": 20.55513344559015,
  "tpot_p95_ms": 20.77896880168541,
  "tpot_p99_ms": 20.832448841055946,
  "throughput_tok_per_sec": 4725.514296082198,
  "gpu_utilization_mean": 98.4074074074074,
  "gpu_utilization_p50": 100.0,
  "engine": "sglang",
  "concurrency": 128,
  "wall_time_ms": 10805.466186255217,
  "model_id": "meta-llama/Llama-3.1-8B-Instruct",
  "model_short_name": "Llama-3.1-8B-Instruct"
}