{
  "num_requests": 200,
  "num_successful": 200,
  "num_failed": 0,
  "ttft_p50_ms": 50.52828788757324,
  "ttft_p95_ms": 51.687657833099365,
  "ttft_p99_ms": 52.21992015838623,
  "total_latency_p50_ms": 2836.769223213196,
  "total_latency_p95_ms": 2843.3207035064697,
  "total_latency_p99_ms": 2845.3291511535645,
  "tpot_p50_ms": 10.926476646872128,
  "tpot_p95_ms": 10.953045452342314,
  "tpot_p99_ms": 10.96716465912466,
  "throughput_tok_per_sec": 90.17351591467074,
  "gpu_utilization_mean": 99.8257562356271,
  "gpu_utilization_p50": 100.0,
  "engine": "sglang",
  "concurrency": 1,
  "wall_time_ms": 567941.9097565114,
  "model_id": "meta-llama/Llama-3.1-8B-Instruct",
  "model_short_name": "Llama-3.1-8B-Instruct"
}