{
  "num_requests": 200,
  "num_successful": 200.0,
  "num_failed": 0,
  "ttft_p50_ms": 32.50682353973389,
  "ttft_p95_ms": 34.01443958282471,
  "ttft_p99_ms": 39.20044302940369,
  "total_latency_p50_ms": 2944.003462791443,
  "total_latency_p95_ms": 2954.440677165985,
  "total_latency_p99_ms": 2957.441773414612,
  "tpot_p50_ms": 11.420876839581657,
  "tpot_p95_ms": 11.45596892225976,
  "tpot_p99_ms": 11.471669449525722,
  "throughput_tok_per_sec": 693.0757024137699,
  "gpu_utilization_mean": 99.79905868385346,
  "gpu_utilization_p50": 100.0,
  "engine": "sglang",
  "concurrency": 8,
  "wall_time_ms": 73717.39027742296,
  "model_id": "meta-llama/Llama-3.1-8B-Instruct",
  "model_short_name": "Llama-3.1-8B-Instruct",
  "repeats": 2,
  "throughput_tok_per_sec_mean": 693.0757024137699,
  "throughput_tok_per_sec_std": 1.5859216126672777,
  "ttft_p50_ms_mean": 32.50682353973389,
  "ttft_p50_ms_std": 0.14483928680419922,
  "ttft_p99_ms_mean": 39.20044302940369,
  "ttft_p99_ms_std": 4.376868009567261,
  "tpot_p50_ms_mean": 11.420876839581657,
  "tpot_p50_ms_std": 0.002468333524815236,
  "gpu_utilization_mean_mean": 99.79905868385346,
  "gpu_utilization_mean_std": 0.013441316146540316,
  "num_successful_mean": 200.0,
  "num_successful_std": 0.0,
  "runs": [
    {
      "num_requests": 200,
      "num_successful": 200,
      "num_failed": 0,
      "ttft_p50_ms": 32.36198425292969,
      "ttft_p95_ms": 34.01443958282471,
      "ttft_p99_ms": 34.823575019836426,
      "total_latency_p50_ms": 2944.003462791443,
      "total_latency_p95_ms": 2954.440677165985,
      "total_latency_p99_ms": 2957.441773414612,
      "tpot_p50_ms": 11.418408506056842,
      "tpot_p95_ms": 11.45596892225976,
      "tpot_p99_ms": 11.471669449525722,
      "throughput_tok_per_sec": 694.6616240264373,
      "gpu_utilization_mean": 99.8125,
      "gpu_utilization_p50": 100.0,
      "engine": "sglang",
      "concurrency": 8,
      "wall_time_ms": 73717.39027742296,
      "model_id": "meta-llama/Llama-3.1-8B-Instruct",
      "model_short_name": "Llama-3.1-8B-Instruct"
    },
    {
      "num_requests": 200,
      "num_successful": 200,
      "num_failed": 0,
      "ttft_p50_ms": 32.651662826538086,
      "ttft_p95_ms": 41.551876068115234,
      "ttft_p99_ms": 43.57731103897095,
      "total_latency_p50_ms": 2945.315718650818,
      "total_latency_p95_ms": 2965.5380606651306,
      "total_latency_p99_ms": 2967.8541493415833,
      "tpot_p50_ms": 11.423345173106473,
      "tpot_p95_ms": 11.473705441344018,
      "tpot_p99_ms": 11.502452719445321,
      "throughput_tok_per_sec": 691.4897808011027,
      "gpu_utilization_mean": 99.78561736770692,
      "gpu_utilization_p50": 100.0,
      "engine": "sglang",
      "concurrency": 8,
      "wall_time_ms": 73807.7059192583,
      "model_id": "meta-llama/Llama-3.1-8B-Instruct",
      "model_short_name": "Llama-3.1-8B-Instruct"
    }
  ]
}