{
  "num_requests": 200,
  "num_successful": 200,
  "num_failed": 0,
  "ttft_p50_ms": 61.36012077331543,
  "ttft_p95_ms": 78.04522514343262,
  "ttft_p99_ms": 79.31310176849365,
  "total_latency_p50_ms": 3676.97274684906,
  "total_latency_p95_ms": 3692.9238200187683,
  "total_latency_p99_ms": 3696.8697118759155,
  "tpot_p50_ms": 14.178960463579962,
  "tpot_p95_ms": 14.239401209588145,
  "tpot_p99_ms": 14.286560965519325,
  "throughput_tok_per_sec": 2041.6214090409894,
  "gpu_utilization_mean": 99.50597609561753,
  "gpu_utilization_p50": 100.0,
  "engine": "sglang",
  "concurrency": 32,
  "wall_time_ms": 25088.444993831217,
  "model_id": "meta-llama/Llama-3.1-8B-Instruct",
  "model_short_name": "Llama-3.1-8B-Instruct"
}