{
  "num_requests": 200,
  "num_successful": 200.0,
  "num_failed": 0,
  "ttft_p50_ms": 113.00802230834961,
  "ttft_p95_ms": 215.03288745880127,
  "ttft_p99_ms": 248.82593035697934,
  "total_latency_p50_ms": 4575.353741645813,
  "total_latency_p95_ms": 4658.112728595734,
  "total_latency_p99_ms": 4673.72053861618,
  "tpot_p50_ms": 17.518938055225448,
  "tpot_p95_ms": 17.589733226626528,
  "tpot_p99_ms": 17.605491862577548,
  "throughput_tok_per_sec": 3059.7235297809902,
  "gpu_utilization_mean": 99.12574850299401,
  "gpu_utilization_p50": 100.0,
  "engine": "vllm",
  "concurrency": 64,
  "wall_time_ms": 16750.005514360964,
  "model_id": "meta-llama/Llama-3.1-8B-Instruct",
  "model_short_name": "Llama-3.1-8B-Instruct",
  "repeats": 2,
  "throughput_tok_per_sec_mean": 3059.7235297809902,
  "throughput_tok_per_sec_std": 1.6844015626611508,
  "ttft_p50_ms_mean": 113.00802230834961,
  "ttft_p50_ms_std": 3.1419992446899414,
  "ttft_p99_ms_mean": 248.82593035697934,
  "ttft_p99_ms_std": 12.61867403984067,
  "tpot_p50_ms_mean": 17.518938055225448,
  "tpot_p50_ms_std": 0.006313651215796412,
  "gpu_utilization_mean_mean": 99.12574850299401,
  "gpu_utilization_mean_std": 0.08383233532934042,
  "num_successful_mean": 200.0,
  "num_successful_std": 0.0,
  "runs": [
    {
      "num_requests": 200,
      "num_successful": 200,
      "num_failed": 0,
      "ttft_p50_ms": 109.86602306365967,
      "ttft_p95_ms": 215.03288745880127,
      "ttft_p99_ms": 236.20725631713867,
      "total_latency_p50_ms": 4575.353741645813,
      "total_latency_p95_ms": 4658.112728595734,
      "total_latency_p99_ms": 4673.72053861618,
      "tpot_p50_ms": 17.51262440400965,
      "tpot_p95_ms": 17.589733226626528,
      "tpot_p99_ms": 17.605491862577548,
      "throughput_tok_per_sec": 3061.4079313436514,
      "gpu_utilization_mean": 99.20958083832335,
      "gpu_utilization_p50": 100.0,
      "engine": "vllm",
      "concurrency": 64,
      "wall_time_ms": 16750.005514360964,
      "model_id": "meta-llama/Llama-3.1-8B-Instruct",
      "model_short_name": "Llama-3.1-8B-Instruct"
    },
    {
      "num_requests": 200,
      "num_successful": 200,
      "num_failed": 0,
      "ttft_p50_ms": 116.15002155303955,
      "ttft_p95_ms": 231.27481937408447,
      "ttft_p99_ms": 261.44460439682,
      "total_latency_p50_ms": 4600.453495979309,
      "total_latency_p95_ms": 4669.76158618927,
      "total_latency_p99_ms": 4692.45486497879,
      "tpot_p50_ms": 17.525251706441242,
      "tpot_p95_ms": 17.66725643008363,
      "tpot_p99_ms": 17.689713234994926,
      "throughput_tok_per_sec": 3058.039128218329,
      "gpu_utilization_mean": 99.04191616766467,
      "gpu_utilization_p50": 100.0,
      "engine": "vllm",
      "concurrency": 64,
      "wall_time_ms": 16765.490002930164,
      "model_id": "meta-llama/Llama-3.1-8B-Instruct",
      "model_short_name": "Llama-3.1-8B-Instruct"
    }
  ]
}