{
  "num_requests": 200,
  "num_successful": 200.0,
  "num_failed": 0,
  "ttft_p50_ms": 42.63806343078613,
  "ttft_p95_ms": 50.3876447677612,
  "ttft_p99_ms": 56.52534008026123,
  "total_latency_p50_ms": 2977.9495000839233,
  "total_latency_p95_ms": 2987.4026894569397,
  "total_latency_p99_ms": 3001.016960144043,
  "tpot_p50_ms": 11.513277829862108,
  "tpot_p95_ms": 11.529139958175959,
  "tpot_p99_ms": 11.541143968993541,
  "throughput_tok_per_sec": 686.3055653618344,
  "gpu_utilization_mean": 99.89261744966443,
  "gpu_utilization_p50": 100.0,
  "engine": "vllm",
  "concurrency": 8,
  "wall_time_ms": 74593.97520311177,
  "model_id": "meta-llama/Llama-3.1-8B-Instruct",
  "model_short_name": "Llama-3.1-8B-Instruct",
  "repeats": 2,
  "throughput_tok_per_sec_mean": 686.3055653618344,
  "throughput_tok_per_sec_std": 0.30633550764889605,
  "ttft_p50_ms_mean": 42.63806343078613,
  "ttft_p50_ms_std": 0.8085966110229492,
  "ttft_p99_ms_mean": 56.52534008026123,
  "ttft_p99_ms_std": 2.552547454833988,
  "tpot_p50_ms_mean": 11.513277829862108,
  "tpot_p50_ms_std": 0.00013674006742547817,
  "gpu_utilization_mean_mean": 99.89261744966443,
  "gpu_utilization_mean_std": 0.0026845637583932103,
  "num_successful_mean": 200.0,
  "num_successful_std": 0.0,
  "runs": [
    {
      "num_requests": 200,
      "num_successful": 200,
      "num_failed": 0,
      "ttft_p50_ms": 41.829466819763184,
      "ttft_p95_ms": 50.3876447677612,
      "ttft_p99_ms": 59.077887535095215,
      "total_latency_p50_ms": 2977.9495000839233,
      "total_latency_p95_ms": 2987.4026894569397,
      "total_latency_p99_ms": 3001.016960144043,
      "tpot_p50_ms": 11.513414569929534,
      "tpot_p95_ms": 11.529139958175959,
      "tpot_p99_ms": 11.541143968993541,
      "throughput_tok_per_sec": 686.6119008694833,
      "gpu_utilization_mean": 99.88993288590603,
      "gpu_utilization_p50": 100.0,
      "engine": "vllm",
      "concurrency": 8,
      "wall_time_ms": 74593.97520311177,
      "model_id": "meta-llama/Llama-3.1-8B-Instruct",
      "model_short_name": "Llama-3.1-8B-Instruct"
    },
    {
      "num_requests": 200,
      "num_successful": 200,
      "num_failed": 0,
      "ttft_p50_ms": 43.44666004180908,
      "ttft_p95_ms": 51.78108215332031,
      "ttft_p99_ms": 53.97279262542724,
      "total_latency_p50_ms": 2978.801965713501,
      "total_latency_p95_ms": 2990.053129196167,
      "total_latency_p99_ms": 2991.293911933899,
      "tpot_p50_ms": 11.513141089794683,
      "tpot_p95_ms": 11.533955452488918,
      "tpot_p99_ms": 11.539945443471272,
      "throughput_tok_per_sec": 685.9992298541855,
      "gpu_utilization_mean": 99.89530201342282,
      "gpu_utilization_p50": 100.0,
      "engine": "vllm",
      "concurrency": 8,
      "wall_time_ms": 74661.19896620512,
      "model_id": "meta-llama/Llama-3.1-8B-Instruct",
      "model_short_name": "Llama-3.1-8B-Instruct"
    }
  ]
}