{
  "num_requests": 200,
  "num_successful": 200.0,
  "num_failed": 0,
  "ttft_p50_ms": 70.45066356658936,
  "ttft_p95_ms": 114.52819108963013,
  "ttft_p99_ms": 135.00969052314758,
  "total_latency_p50_ms": 3718.225836753845,
  "total_latency_p95_ms": 3774.7676968574524,
  "total_latency_p99_ms": 3788.061921596527,
  "tpot_p50_ms": 14.294744472877651,
  "tpot_p95_ms": 14.360856028164134,
  "tpot_p99_ms": 14.369291342940986,
  "throughput_tok_per_sec": 2024.4975801292685,
  "gpu_utilization_mean": 99.56719367588933,
  "gpu_utilization_p50": 100.0,
  "engine": "vllm",
  "concurrency": 32,
  "wall_time_ms": 25312.462319619954,
  "model_id": "meta-llama/Llama-3.1-8B-Instruct",
  "model_short_name": "Llama-3.1-8B-Instruct",
  "repeats": 2,
  "throughput_tok_per_sec_mean": 2024.4975801292685,
  "throughput_tok_per_sec_std": 0.351584431405513,
  "ttft_p50_ms_mean": 70.45066356658936,
  "ttft_p50_ms_std": 5.321145057678223,
  "ttft_p99_ms_mean": 135.00969052314758,
  "ttft_p99_ms_std": 6.247595548629761,
  "tpot_p50_ms_mean": 14.294744472877651,
  "tpot_p50_ms_std": 0.004205984227796833,
  "gpu_utilization_mean_mean": 99.56719367588933,
  "gpu_utilization_mean_std": 0.04940711462450054,
  "num_successful_mean": 200.0,
  "num_successful_std": 0.0,
  "runs": [
    {
      "num_requests": 200,
      "num_successful": 200,
      "num_failed": 0,
      "ttft_p50_ms": 65.12951850891113,
      "ttft_p95_ms": 114.52819108963013,
      "ttft_p99_ms": 141.25728607177734,
      "total_latency_p50_ms": 3718.225836753845,
      "total_latency_p95_ms": 3774.7676968574524,
      "total_latency_p99_ms": 3788.061921596527,
      "tpot_p50_ms": 14.298950457105448,
      "tpot_p95_ms": 14.360856028164134,
      "tpot_p99_ms": 14.369291342940986,
      "throughput_tok_per_sec": 2024.1459956978629,
      "gpu_utilization_mean": 99.61660079051383,
      "gpu_utilization_p50": 100.0,
      "engine": "vllm",
      "concurrency": 32,
      "wall_time_ms": 25312.462319619954,
      "model_id": "meta-llama/Llama-3.1-8B-Instruct",
      "model_short_name": "Llama-3.1-8B-Instruct"
    },
    {
      "num_requests": 200,
      "num_successful": 200,
      "num_failed": 0,
      "ttft_p50_ms": 75.77180862426758,
      "ttft_p95_ms": 127.41562128067017,
      "ttft_p99_ms": 128.76209497451782,
      "total_latency_p50_ms": 3723.186254501343,
      "total_latency_p95_ms": 3773.964047431946,
      "total_latency_p99_ms": 3781.0631942749023,
      "tpot_p50_ms": 14.290538488649855,
      "tpot_p95_ms": 14.337233795839198,
      "tpot_p99_ms": 14.349060180140476,
      "throughput_tok_per_sec": 2024.849164560674,
      "gpu_utilization_mean": 99.51778656126483,
      "gpu_utilization_p50": 100.0,
      "engine": "vllm",
      "concurrency": 32,
      "wall_time_ms": 25307.54906591028,
      "model_id": "meta-llama/Llama-3.1-8B-Instruct",
      "model_short_name": "Llama-3.1-8B-Instruct"
    }
  ]
}