{
  "num_requests": 200,
  "num_successful": 200.0,
  "num_failed": 0,
  "ttft_p50_ms": 224.5337963104248,
  "ttft_p95_ms": 5723.149359226227,
  "ttft_p99_ms": 5575.069113969803,
  "total_latency_p50_ms": 5610.425710678101,
  "total_latency_p95_ms": 10424.733078479767,
  "total_latency_p99_ms": 10436.21444940567,
  "tpot_p50_ms": 20.191547683641023,
  "tpot_p95_ms": 21.57104819428687,
  "tpot_p99_ms": 21.634734050900327,
  "throughput_tok_per_sec": 4712.547914866682,
  "gpu_utilization_mean": 98.8365351332641,
  "gpu_utilization_p50": 100.0,
  "engine": "vllm",
  "concurrency": 128,
  "wall_time_ms": 11034.878233447671,
  "model_id": "meta-llama/Llama-3.1-8B-Instruct",
  "model_short_name": "Llama-3.1-8B-Instruct",
  "repeats": 2,
  "throughput_tok_per_sec_mean": 4712.547914866682,
  "throughput_tok_per_sec_std": 66.73084408081877,
  "ttft_p50_ms_mean": 224.5337963104248,
  "ttft_p50_ms_std": 44.2960262298584,
  "ttft_p99_ms_mean": 5575.069113969803,
  "ttft_p99_ms_std": 148.687025308609,
  "tpot_p50_ms_mean": 20.191547683641023,
  "tpot_p50_ms_std": 0.12342111737120476,
  "gpu_utilization_mean_mean": 98.8365351332641,
  "gpu_utilization_mean_std": 0.14494634821737407,
  "num_successful_mean": 200.0,
  "num_successful_std": 0.0,
  "runs": [
    {
      "num_requests": 200,
      "num_successful": 200,
      "num_failed": 0,
      "ttft_p50_ms": 268.8298225402832,
      "ttft_p95_ms": 5723.149359226227,
      "ttft_p99_ms": 5723.756139278412,
      "total_latency_p50_ms": 5610.425710678101,
      "total_latency_p95_ms": 10424.733078479767,
      "total_latency_p99_ms": 10436.21444940567,
      "tpot_p50_ms": 20.068126566269818,
      "tpot_p95_ms": 21.57104819428687,
      "tpot_p99_ms": 21.634734050900327,
      "throughput_tok_per_sec": 4645.8170707858635,
      "gpu_utilization_mean": 98.98148148148148,
      "gpu_utilization_p50": 100.0,
      "engine": "vllm",
      "concurrency": 128,
      "wall_time_ms": 11034.878233447671,
      "model_id": "meta-llama/Llama-3.1-8B-Instruct",
      "model_short_name": "Llama-3.1-8B-Instruct"
    },
    {
      "num_requests": 200,
      "num_successful": 200,
      "num_failed": 0,
      "ttft_p50_ms": 180.2377700805664,
      "ttft_p95_ms": 5425.5815505981445,
      "ttft_p99_ms": 5426.382088661194,
      "total_latency_p50_ms": 5355.682253837585,
      "total_latency_p95_ms": 10625.678861141205,
      "total_latency_p99_ms": 10632.434253692627,
      "tpot_p50_ms": 20.314968801012228,
      "tpot_p95_ms": 20.40241652843999,
      "tpot_p99_ms": 20.42534787047143,
      "throughput_tok_per_sec": 4779.278758947501,
      "gpu_utilization_mean": 98.69158878504673,
      "gpu_utilization_p50": 100.0,
      "engine": "vllm",
      "concurrency": 128,
      "wall_time_ms": 10730.64655996859,
      "model_id": "meta-llama/Llama-3.1-8B-Instruct",
      "model_short_name": "Llama-3.1-8B-Instruct"
    }
  ]
}