{
  "num_requests": 200,
  "num_successful": 200,
  "num_failed": 0,
  "ttft_p50_ms": 2815.3128623962402,
  "ttft_p95_ms": 5604.018020629883,
  "ttft_p99_ms": 5605.881917476654,
  "total_latency_p50_ms": 7972.364664077759,
  "total_latency_p95_ms": 10754.115879535675,
  "total_latency_p99_ms": 10757.985970973969,
  "tpot_p50_ms": 20.273430674683816,
  "tpot_p95_ms": 20.367097433875585,
  "tpot_p99_ms": 20.395187546225156,
  "throughput_tok_per_sec": 4749.26487675702,
  "gpu_utilization_mean": 98.84905660377359,
  "gpu_utilization_p50": 100.0,
  "engine": "vllm",
  "concurrency": 256,
  "wall_time_ms": 10800.662511959672,
  "model_id": "meta-llama/Llama-3.1-8B-Instruct",
  "model_short_name": "Llama-3.1-8B-Instruct"
}