{
  "num_requests": 200,
  "num_successful": 200,
  "num_failed": 0,
  "ttft_p50_ms": 2782.290816307068,
  "ttft_p95_ms": 5567.734944820404,
  "ttft_p99_ms": 5568.3966636657715,
  "total_latency_p50_ms": 7935.3286027908325,
  "total_latency_p95_ms": 10729.472255706787,
  "total_latency_p99_ms": 10735.438969135284,
  "tpot_p50_ms": 20.285864904815075,
  "tpot_p95_ms": 20.361562756931082,
  "tpot_p99_ms": 20.387697257247623,
  "throughput_tok_per_sec": 4764.3483197097075,
  "gpu_utilization_mean": 98.62962962962963,
  "gpu_utilization_p50": 100.0,
  "engine": "vllm",
  "concurrency": 256,
  "wall_time_ms": 10760.618507862091,
  "model_id": "meta-llama/Llama-3.1-8B-Instruct",
  "model_short_name": "Llama-3.1-8B-Instruct"
}