{
  "num_requests": 200,
  "num_successful": 200.0,
  "num_failed": 0,
  "ttft_p50_ms": 33.827006816864014,
  "ttft_p95_ms": 46.76452875137329,
  "ttft_p99_ms": 39.96224403381347,
  "total_latency_p50_ms": 2858.3009243011475,
  "total_latency_p95_ms": 2860.4369163513184,
  "total_latency_p99_ms": 2861.4413690567017,
  "tpot_p50_ms": 11.02981777752147,
  "tpot_p95_ms": 11.038270978366628,
  "tpot_p99_ms": 11.04008462382298,
  "throughput_tok_per_sec": 89.8805695738906,
  "gpu_utilization_mean": 99.52193270696372,
  "gpu_utilization_p50": 100.0,
  "engine": "vllm",
  "concurrency": 1,
  "wall_time_ms": 571959.6412740648,
  "model_id": "meta-llama/Llama-3.1-8B-Instruct",
  "model_short_name": "Llama-3.1-8B-Instruct",
  "repeats": 2,
  "throughput_tok_per_sec_mean": 89.8805695738906,
  "throughput_tok_per_sec_std": 0.35820369659194995,
  "ttft_p50_ms_mean": 33.827006816864014,
  "ttft_p50_ms_std": 11.372268199920654,
  "ttft_p99_ms_mean": 39.96224403381347,
  "ttft_p99_ms_std": 7.880203723907478,
  "tpot_p50_ms_mean": 11.02981777752147,
  "tpot_p50_ms_std": 0.0016883307812260995,
  "gpu_utilization_mean_mean": 99.52193270696372,
  "gpu_utilization_mean_std": 0.026539368905609706,
  "num_successful_mean": 200.0,
  "num_successful_std": 0.0,
  "runs": [
    {
      "num_requests": 200,
      "num_successful": 200,
      "num_failed": 0,
      "ttft_p50_ms": 45.19927501678467,
      "ttft_p95_ms": 46.76452875137329,
      "ttft_p99_ms": 47.84244775772095,
      "total_latency_p50_ms": 2858.3009243011475,
      "total_latency_p95_ms": 2860.4369163513184,
      "total_latency_p99_ms": 2861.4413690567017,
      "tpot_p50_ms": 11.031506108302697,
      "tpot_p95_ms": 11.038270978366628,
      "tpot_p99_ms": 11.04008462382298,
      "throughput_tok_per_sec": 89.52236587729865,
      "gpu_utilization_mean": 99.54847207586934,
      "gpu_utilization_p50": 100.0,
      "engine": "vllm",
      "concurrency": 1,
      "wall_time_ms": 571959.6412740648,
      "model_id": "meta-llama/Llama-3.1-8B-Instruct",
      "model_short_name": "Llama-3.1-8B-Instruct"
    },
    {
      "num_requests": 200,
      "num_successful": 200,
      "num_failed": 0,
      "ttft_p50_ms": 22.45473861694336,
      "ttft_p95_ms": 25.499117374420166,
      "ttft_p99_ms": 32.08204030990599,
      "total_latency_p50_ms": 2834.634780883789,
      "total_latency_p95_ms": 2837.4411821365356,
      "total_latency_p99_ms": 2842.5141835212708,
      "tpot_p50_ms": 11.028129446740245,
      "tpot_p95_ms": 11.0346879678614,
      "tpot_p99_ms": 11.068080170021688,
      "throughput_tok_per_sec": 90.23877327048255,
      "gpu_utilization_mean": 99.49539333805812,
      "gpu_utilization_p50": 100.0,
      "engine": "vllm",
      "concurrency": 1,
      "wall_time_ms": 567395.5781366676,
      "model_id": "meta-llama/Llama-3.1-8B-Instruct",
      "model_short_name": "Llama-3.1-8B-Instruct"
    }
  ]
}