{
  "num_requests": 200,
  "num_successful": 200.0,
  "num_failed": 0,
  "ttft_p50_ms": 2798.801839351654,
  "ttft_p95_ms": 5604.018020629883,
  "ttft_p99_ms": 5587.139290571213,
  "total_latency_p50_ms": 7972.364664077759,
  "total_latency_p95_ms": 10754.115879535675,
  "total_latency_p99_ms": 10757.985970973969,
  "tpot_p50_ms": 20.279647789749447,
  "tpot_p95_ms": 20.367097433875585,
  "tpot_p99_ms": 20.395187546225156,
  "throughput_tok_per_sec": 4756.806598233364,
  "gpu_utilization_mean": 98.7393431167016,
  "gpu_utilization_p50": 100.0,
  "engine": "vllm",
  "concurrency": 256,
  "wall_time_ms": 10800.662511959672,
  "model_id": "meta-llama/Llama-3.1-8B-Instruct",
  "model_short_name": "Llama-3.1-8B-Instruct",
  "repeats": 2,
  "throughput_tok_per_sec_mean": 4756.806598233364,
  "throughput_tok_per_sec_std": 7.54172147634381,
  "ttft_p50_ms_mean": 2798.801839351654,
  "ttft_p50_ms_std": 16.51102304458618,
  "ttft_p99_ms_mean": 5587.139290571213,
  "ttft_p99_ms_std": 18.742626905441284,
  "tpot_p50_ms_mean": 20.279647789749447,
  "tpot_p50_ms_std": 0.006217115065629386,
  "gpu_utilization_mean_mean": 98.7393431167016,
  "gpu_utilization_mean_std": 0.10971348707197848,
  "num_successful_mean": 200.0,
  "num_successful_std": 0.0,
  "runs": [
    {
      "num_requests": 200,
      "num_successful": 200,
      "num_failed": 0,
      "ttft_p50_ms": 2815.3128623962402,
      "ttft_p95_ms": 5604.018020629883,
      "ttft_p99_ms": 5605.881917476654,
      "total_latency_p50_ms": 7972.364664077759,
      "total_latency_p95_ms": 10754.115879535675,
      "total_latency_p99_ms": 10757.985970973969,
      "tpot_p50_ms": 20.273430674683816,
      "tpot_p95_ms": 20.367097433875585,
      "tpot_p99_ms": 20.395187546225156,
      "throughput_tok_per_sec": 4749.26487675702,
      "gpu_utilization_mean": 98.84905660377359,
      "gpu_utilization_p50": 100.0,
      "engine": "vllm",
      "concurrency": 256,
      "wall_time_ms": 10800.662511959672,
      "model_id": "meta-llama/Llama-3.1-8B-Instruct",
      "model_short_name": "Llama-3.1-8B-Instruct"
    },
    {
      "num_requests": 200,
      "num_successful": 200,
      "num_failed": 0,
      "ttft_p50_ms": 2782.290816307068,
      "ttft_p95_ms": 5567.734944820404,
      "ttft_p99_ms": 5568.3966636657715,
      "total_latency_p50_ms": 7935.3286027908325,
      "total_latency_p95_ms": 10729.472255706787,
      "total_latency_p99_ms": 10735.438969135284,
      "tpot_p50_ms": 20.285864904815075,
      "tpot_p95_ms": 20.361562756931082,
      "tpot_p99_ms": 20.387697257247623,
      "throughput_tok_per_sec": 4764.3483197097075,
      "gpu_utilization_mean": 98.62962962962963,
      "gpu_utilization_p50": 100.0,
      "engine": "vllm",
      "concurrency": 256,
      "wall_time_ms": 10760.618507862091,
      "model_id": "meta-llama/Llama-3.1-8B-Instruct",
      "model_short_name": "Llama-3.1-8B-Instruct"
    }
  ]
}