{
  "num_requests": 200,
  "num_successful": 200,
  "num_failed": 0,
  "ttft_p50_ms": 41.829466819763184,
  "ttft_p95_ms": 50.3876447677612,
  "ttft_p99_ms": 59.077887535095215,
  "total_latency_p50_ms": 2977.9495000839233,
  "total_latency_p95_ms": 2987.4026894569397,
  "total_latency_p99_ms": 3001.016960144043,
  "tpot_p50_ms": 11.513414569929534,
  "tpot_p95_ms": 11.529139958175959,
  "tpot_p99_ms": 11.541143968993541,
  "throughput_tok_per_sec": 686.6119008694833,
  "gpu_utilization_mean": 99.88993288590603,
  "gpu_utilization_p50": 100.0,
  "engine": "vllm",
  "concurrency": 8,
  "wall_time_ms": 74593.97520311177,
  "model_id": "meta-llama/Llama-3.1-8B-Instruct",
  "model_short_name": "Llama-3.1-8B-Instruct"
}