{
  "num_requests": 200,
  "num_successful": 200,
  "num_failed": 0,
  "ttft_p50_ms": 116.15002155303955,
  "ttft_p95_ms": 231.27481937408447,
  "ttft_p99_ms": 261.44460439682,
  "total_latency_p50_ms": 4600.453495979309,
  "total_latency_p95_ms": 4669.76158618927,
  "total_latency_p99_ms": 4692.45486497879,
  "tpot_p50_ms": 17.525251706441242,
  "tpot_p95_ms": 17.66725643008363,
  "tpot_p99_ms": 17.689713234994926,
  "throughput_tok_per_sec": 3058.039128218329,
  "gpu_utilization_mean": 99.04191616766467,
  "gpu_utilization_p50": 100.0,
  "engine": "vllm",
  "concurrency": 64,
  "wall_time_ms": 16765.490002930164,
  "model_id": "meta-llama/Llama-3.1-8B-Instruct",
  "model_short_name": "Llama-3.1-8B-Instruct"
}