{
  "num_requests": 200,
  "num_successful": 200,
  "num_failed": 0,
  "ttft_p50_ms": 22.45473861694336,
  "ttft_p95_ms": 25.499117374420166,
  "ttft_p99_ms": 32.08204030990599,
  "total_latency_p50_ms": 2834.634780883789,
  "total_latency_p95_ms": 2837.4411821365356,
  "total_latency_p99_ms": 2842.5141835212708,
  "tpot_p50_ms": 11.028129446740245,
  "tpot_p95_ms": 11.0346879678614,
  "tpot_p99_ms": 11.068080170021688,
  "throughput_tok_per_sec": 90.23877327048255,
  "gpu_utilization_mean": 99.49539333805812,
  "gpu_utilization_p50": 100.0,
  "engine": "vllm",
  "concurrency": 1,
  "wall_time_ms": 567395.5781366676,
  "model_id": "meta-llama/Llama-3.1-8B-Instruct",
  "model_short_name": "Llama-3.1-8B-Instruct"
}