{
  "num_requests": 200,
  "num_successful": 200,
  "num_failed": 0,
  "ttft_p50_ms": 268.8298225402832,
  "ttft_p95_ms": 5723.149359226227,
  "ttft_p99_ms": 5723.756139278412,
  "total_latency_p50_ms": 5610.425710678101,
  "total_latency_p95_ms": 10424.733078479767,
  "total_latency_p99_ms": 10436.21444940567,
  "tpot_p50_ms": 20.068126566269818,
  "tpot_p95_ms": 21.57104819428687,
  "tpot_p99_ms": 21.634734050900327,
  "throughput_tok_per_sec": 4645.8170707858635,
  "gpu_utilization_mean": 98.98148148148148,
  "gpu_utilization_p50": 100.0,
  "engine": "vllm",
  "concurrency": 128,
  "wall_time_ms": 11034.878233447671,
  "model_id": "meta-llama/Llama-3.1-8B-Instruct",
  "model_short_name": "Llama-3.1-8B-Instruct"
}