{
  "num_requests": 200,
  "num_successful": 200,
  "num_failed": 0,
  "ttft_p50_ms": 65.12951850891113,
  "ttft_p95_ms": 114.52819108963013,
  "ttft_p99_ms": 141.25728607177734,
  "total_latency_p50_ms": 3718.225836753845,
  "total_latency_p95_ms": 3774.7676968574524,
  "total_latency_p99_ms": 3788.061921596527,
  "tpot_p50_ms": 14.298950457105448,
  "tpot_p95_ms": 14.360856028164134,
  "tpot_p99_ms": 14.369291342940986,
  "throughput_tok_per_sec": 2024.1459956978629,
  "gpu_utilization_mean": 99.61660079051383,
  "gpu_utilization_p50": 100.0,
  "engine": "vllm",
  "concurrency": 32,
  "wall_time_ms": 25312.462319619954,
  "model_id": "meta-llama/Llama-3.1-8B-Instruct",
  "model_short_name": "Llama-3.1-8B-Instruct"
}