{
  "num_requests": 200,
  "num_successful": 200.0,
  "num_failed": 0,
  "ttft_p50_ms": 69.92709636688232,
  "ttft_p95_ms": 139.12283182144165,
  "ttft_p99_ms": 158.58595609664917,
  "total_latency_p50_ms": 2004.7924518585205,
  "total_latency_p95_ms": 2104.9607396125793,
  "total_latency_p99_ms": 2112.4592876434326,
  "tpot_p50_ms": 7.601744053410549,
  "tpot_p95_ms": 7.750299784142201,
  "tpot_p99_ms": 7.792416116384071,
  "throughput_tok_per_sec": 3676.7079537329087,
  "gpu_utilization_mean": 98.82374100719426,
  "gpu_utilization_p50": 100.0,
  "engine": "vllm",
  "concurrency": 32,
  "wall_time_ms": 13915.550129953772,
  "model_id": "meta-llama/Llama-3.1-8B-Instruct",
  "model_short_name": "Llama-3.1-8B-Instruct",
  "repeats": 2,
  "throughput_tok_per_sec_mean": 3676.7079537329087,
  "throughput_tok_per_sec_std": 7.005397328812705,
  "ttft_p50_ms_mean": 69.92709636688232,
  "ttft_p50_ms_std": 0.9639263153076172,
  "ttft_p99_ms_mean": 158.58595609664917,
  "ttft_p99_ms_std": 10.802910327911391,
  "tpot_p50_ms_mean": 7.601744053410549,
  "tpot_p50_ms_std": 0.007051580092486187,
  "gpu_utilization_mean_mean": 98.82374100719426,
  "gpu_utilization_mean_std": 0.16187050359712174,
  "num_successful_mean": 200.0,
  "num_successful_std": 0.0,
  "runs": [
    {
      "num_requests": 200,
      "num_successful": 200,
      "num_failed": 0,
      "ttft_p50_ms": 68.9631700515747,
      "ttft_p95_ms": 139.12283182144165,
      "ttft_p99_ms": 147.78304576873776,
      "total_latency_p50_ms": 2004.7924518585205,
      "total_latency_p95_ms": 2104.9607396125793,
      "total_latency_p99_ms": 2112.4592876434326,
      "tpot_p50_ms": 7.594692473318062,
      "tpot_p95_ms": 7.750299784142201,
      "tpot_p99_ms": 7.792416116384071,
      "throughput_tok_per_sec": 3683.7133510617214,
      "gpu_utilization_mean": 98.98561151079137,
      "gpu_utilization_p50": 100.0,
      "engine": "vllm",
      "concurrency": 32,
      "wall_time_ms": 13915.550129953772,
      "model_id": "meta-llama/Llama-3.1-8B-Instruct",
      "model_short_name": "Llama-3.1-8B-Instruct"
    },
    {
      "num_requests": 200,
      "num_successful": 200,
      "num_failed": 0,
      "ttft_p50_ms": 70.89102268218994,
      "ttft_p95_ms": 160.93806028366083,
      "ttft_p99_ms": 169.38886642456055,
      "total_latency_p50_ms": 2014.273762702942,
      "total_latency_p95_ms": 2132.2908997535706,
      "total_latency_p99_ms": 2143.3102416992188,
      "tpot_p50_ms": 7.608795633503035,
      "tpot_p95_ms": 7.756990945245337,
      "tpot_p99_ms": 7.797301895036472,
      "throughput_tok_per_sec": 3669.702556404096,
      "gpu_utilization_mean": 98.66187050359713,
      "gpu_utilization_p50": 100.0,
      "engine": "vllm",
      "concurrency": 32,
      "wall_time_ms": 13953.949379269034,
      "model_id": "meta-llama/Llama-3.1-8B-Instruct",
      "model_short_name": "Llama-3.1-8B-Instruct"
    }
  ]
}