{
  "num_requests": 200,
  "num_successful": 200,
  "num_failed": 0,
  "ttft_p50_ms": 70.89102268218994,
  "ttft_p95_ms": 160.93806028366083,
  "ttft_p99_ms": 169.38886642456055,
  "total_latency_p50_ms": 2014.273762702942,
  "total_latency_p95_ms": 2132.2908997535706,
  "total_latency_p99_ms": 2143.3102416992188,
  "tpot_p50_ms": 7.608795633503035,
  "tpot_p95_ms": 7.756990945245337,
  "tpot_p99_ms": 7.797301895036472,
  "throughput_tok_per_sec": 3669.702556404096,
  "gpu_utilization_mean": 98.66187050359713,
  "gpu_utilization_p50": 100.0,
  "engine": "vllm",
  "concurrency": 32,
  "wall_time_ms": 13953.949379269034,
  "model_id": "meta-llama/Llama-3.1-8B-Instruct",
  "model_short_name": "Llama-3.1-8B-Instruct"
}