{
  "num_requests": 200,
  "num_successful": 200.0,
  "num_failed": 0,
  "ttft_p50_ms": 31.977295875549316,
  "ttft_p95_ms": 51.87525749206542,
  "ttft_p99_ms": 57.296353578567505,
  "total_latency_p50_ms": 1770.1267004013062,
  "total_latency_p95_ms": 1791.6276454925537,
  "total_latency_p99_ms": 1804.279112815857,
  "tpot_p50_ms": 6.816628166273528,
  "tpot_p95_ms": 6.841800633598776,
  "tpot_p99_ms": 6.862108492383769,
  "throughput_tok_per_sec": 1152.4623220309988,
  "gpu_utilization_mean": 99.74887387387388,
  "gpu_utilization_p50": 100.0,
  "engine": "vllm",
  "concurrency": 8,
  "wall_time_ms": 44431.59126536921,
  "model_id": "meta-llama/Llama-3.1-8B-Instruct",
  "model_short_name": "Llama-3.1-8B-Instruct",
  "repeats": 2,
  "throughput_tok_per_sec_mean": 1152.4623220309988,
  "throughput_tok_per_sec_std": 0.30525243098600185,
  "ttft_p50_ms_mean": 31.977295875549316,
  "ttft_p50_ms_std": 0.15616416931152344,
  "ttft_p99_ms_mean": 57.296353578567505,
  "ttft_p99_ms_std": 1.279231309890747,
  "tpot_p50_ms_mean": 6.816628166273528,
  "tpot_p50_ms_std": 0.0014139156715544665,
  "gpu_utilization_mean_mean": 99.74887387387388,
  "gpu_utilization_mean_std": 0.16103603603603744,
  "num_successful_mean": 200.0,
  "num_successful_std": 0.0,
  "runs": [
    {
      "num_requests": 200,
      "num_successful": 200,
      "num_failed": 0,
      "ttft_p50_ms": 31.821131706237793,
      "ttft_p95_ms": 51.87525749206542,
      "ttft_p99_ms": 56.01712226867676,
      "total_latency_p50_ms": 1770.1267004013062,
      "total_latency_p95_ms": 1791.6276454925537,
      "total_latency_p99_ms": 1804.279112815857,
      "tpot_p50_ms": 6.818042081945083,
      "tpot_p95_ms": 6.841800633598776,
      "tpot_p99_ms": 6.862108492383769,
      "throughput_tok_per_sec": 1152.7675744619849,
      "gpu_utilization_mean": 99.58783783783784,
      "gpu_utilization_p50": 100.0,
      "engine": "vllm",
      "concurrency": 8,
      "wall_time_ms": 44431.59126536921,
      "model_id": "meta-llama/Llama-3.1-8B-Instruct",
      "model_short_name": "Llama-3.1-8B-Instruct"
    },
    {
      "num_requests": 200,
      "num_successful": 200,
      "num_failed": 0,
      "ttft_p50_ms": 32.13346004486084,
      "ttft_p95_ms": 50.29989480972288,
      "ttft_p99_ms": 58.57558488845825,
      "total_latency_p50_ms": 1769.4936990737915,
      "total_latency_p95_ms": 1789.4624948501587,
      "total_latency_p99_ms": 1803.4344577789307,
      "tpot_p50_ms": 6.815214250601974,
      "tpot_p95_ms": 6.833775697969923,
      "tpot_p99_ms": 6.843242635913924,
      "throughput_tok_per_sec": 1152.1570696000128,
      "gpu_utilization_mean": 99.90990990990991,
      "gpu_utilization_p50": 100.0,
      "engine": "vllm",
      "concurrency": 8,
      "wall_time_ms": 44462.71737711504,
      "model_id": "meta-llama/Llama-3.1-8B-Instruct",
      "model_short_name": "Llama-3.1-8B-Instruct"
    }
  ]
}