{
  "num_requests": 200,
  "num_successful": 200.0,
  "num_failed": 0,
  "ttft_p50_ms": 1740.3252124786377,
  "ttft_p95_ms": 3186.711299419403,
  "ttft_p99_ms": 3266.5362119674683,
  "total_latency_p50_ms": 4206.151723861694,
  "total_latency_p95_ms": 5727.370345592499,
  "total_latency_p99_ms": 5731.800887584686,
  "tpot_p50_ms": 10.041825677834304,
  "tpot_p95_ms": 10.153139909736723,
  "tpot_p99_ms": 10.212549503612896,
  "throughput_tok_per_sec": 8794.563985823355,
  "gpu_utilization_mean": 95.0178463399879,
  "gpu_utilization_p50": 100.0,
  "engine": "vllm",
  "concurrency": 256,
  "wall_time_ms": 5758.264717180282,
  "model_id": "meta-llama/Llama-3.1-8B-Instruct",
  "model_short_name": "Llama-3.1-8B-Instruct",
  "repeats": 2,
  "throughput_tok_per_sec_mean": 8794.563985823355,
  "throughput_tok_per_sec_std": 95.0907273876428,
  "ttft_p50_ms_mean": 1740.3252124786377,
  "ttft_p50_ms_std": 83.58275890350342,
  "ttft_p99_ms_mean": 3266.5362119674683,
  "ttft_p99_ms_std": 74.4856333732605,
  "tpot_p50_ms_mean": 10.041825677834304,
  "tpot_p50_ms_std": 0.0026737942415122617,
  "gpu_utilization_mean_mean": 95.0178463399879,
  "gpu_utilization_mean_std": 0.9476709013914117,
  "num_successful_mean": 200.0,
  "num_successful_std": 0.0,
  "runs": [
    {
      "num_requests": 200,
      "num_successful": 200,
      "num_failed": 0,
      "ttft_p50_ms": 1656.7424535751343,
      "ttft_p95_ms": 3186.711299419403,
      "ttft_p99_ms": 3192.0505785942078,
      "total_latency_p50_ms": 4206.151723861694,
      "total_latency_p95_ms": 5727.370345592499,
      "total_latency_p99_ms": 5731.800887584686,
      "tpot_p50_ms": 10.044499472075817,
      "tpot_p95_ms": 10.153139909736723,
      "tpot_p99_ms": 10.212549503612896,
      "throughput_tok_per_sec": 8889.654713210997,
      "gpu_utilization_mean": 95.96551724137932,
      "gpu_utilization_p50": 100.0,
      "engine": "vllm",
      "concurrency": 256,
      "wall_time_ms": 5758.264717180282,
      "model_id": "meta-llama/Llama-3.1-8B-Instruct",
      "model_short_name": "Llama-3.1-8B-Instruct"
    },
    {
      "num_requests": 200,
      "num_successful": 200,
      "num_failed": 0,
      "ttft_p50_ms": 1823.907971382141,
      "ttft_p95_ms": 3301.3394117355347,
      "ttft_p99_ms": 3341.0218453407288,
      "total_latency_p50_ms": 4386.726021766663,
      "total_latency_p95_ms": 5841.3206577301025,
      "total_latency_p99_ms": 5870.016257762909,
      "tpot_p50_ms": 10.039151883592792,
      "tpot_p95_ms": 10.10768217198989,
      "tpot_p99_ms": 10.116565760444193,
      "throughput_tok_per_sec": 8699.473258435712,
      "gpu_utilization_mean": 94.0701754385965,
      "gpu_utilization_p50": 100.0,
      "engine": "vllm",
      "concurrency": 256,
      "wall_time_ms": 5896.611576899886,
      "model_id": "meta-llama/Llama-3.1-8B-Instruct",
      "model_short_name": "Llama-3.1-8B-Instruct"
    }
  ]
}