{
  "num_requests": 200,
  "num_successful": 200,
  "num_failed": 0,
  "ttft_p50_ms": 31.821131706237793,
  "ttft_p95_ms": 51.87525749206542,
  "ttft_p99_ms": 56.01712226867676,
  "total_latency_p50_ms": 1770.1267004013062,
  "total_latency_p95_ms": 1791.6276454925537,
  "total_latency_p99_ms": 1804.279112815857,
  "tpot_p50_ms": 6.818042081945083,
  "tpot_p95_ms": 6.841800633598776,
  "tpot_p99_ms": 6.862108492383769,
  "throughput_tok_per_sec": 1152.7675744619849,
  "gpu_utilization_mean": 99.58783783783784,
  "gpu_utilization_p50": 100.0,
  "engine": "vllm",
  "concurrency": 8,
  "wall_time_ms": 44431.59126536921,
  "model_id": "meta-llama/Llama-3.1-8B-Instruct",
  "model_short_name": "Llama-3.1-8B-Instruct"
}