{
  "num_requests": 200,
  "num_successful": 200,
  "num_failed": 0,
  "ttft_p50_ms": 31.112194061279297,
  "ttft_p95_ms": 34.018540382385254,
  "ttft_p99_ms": 36.39796257019042,
  "total_latency_p50_ms": 1685.7383251190186,
  "total_latency_p95_ms": 1688.1965517997742,
  "total_latency_p99_ms": 1690.9302186965942,
  "tpot_p50_ms": 6.488619598687864,
  "tpot_p95_ms": 6.495341366412593,
  "tpot_p99_ms": 6.496303979088278,
  "throughput_tok_per_sec": 151.6715695225032,
  "gpu_utilization_mean": 98.85197270839514,
  "gpu_utilization_p50": 100.0,
  "engine": "vllm",
  "concurrency": 1,
  "wall_time_ms": 337608.979688026,
  "model_id": "meta-llama/Llama-3.1-8B-Instruct",
  "model_short_name": "Llama-3.1-8B-Instruct"
}