{
  "num_requests": 200,
  "num_successful": 200.0,
  "num_failed": 0,
  "ttft_p50_ms": 281.4760208129883,
  "ttft_p95_ms": 2973.27584028244,
  "ttft_p99_ms": 3004.8023653030396,
  "total_latency_p50_ms": 2844.549536705017,
  "total_latency_p95_ms": 5539.641952514648,
  "total_latency_p99_ms": 5545.485808849335,
  "tpot_p50_ms": 10.04342425103281,
  "tpot_p95_ms": 10.170741127986535,
  "tpot_p99_ms": 10.189819242440018,
  "throughput_tok_per_sec": 8943.513223977385,
  "gpu_utilization_mean": 96.98245614035088,
  "gpu_utilization_p50": 100.0,
  "engine": "vllm",
  "concurrency": 128,
  "wall_time_ms": 5751.460388768464,
  "model_id": "meta-llama/Llama-3.1-8B-Instruct",
  "model_short_name": "Llama-3.1-8B-Instruct",
  "repeats": 2,
  "throughput_tok_per_sec_mean": 8943.513223977385,
  "throughput_tok_per_sec_std": 22.950698656520217,
  "ttft_p50_ms_mean": 281.4760208129883,
  "ttft_p50_ms_std": 2.6203393936157227,
  "ttft_p99_ms_mean": 3004.8023653030396,
  "ttft_p99_ms_std": 29.933335781097412,
  "tpot_p50_ms_mean": 10.04342425103281,
  "tpot_p50_ms_std": 0.014302777309044501,
  "gpu_utilization_mean_mean": 96.98245614035088,
  "gpu_utilization_mean_std": 0.03508771929824661,
  "num_successful_mean": 200.0,
  "num_successful_std": 0.0,
  "runs": [
    {
      "num_requests": 200,
      "num_successful": 200,
      "num_failed": 0,
      "ttft_p50_ms": 284.096360206604,
      "ttft_p95_ms": 2973.27584028244,
      "ttft_p99_ms": 2974.869029521942,
      "total_latency_p50_ms": 2844.549536705017,
      "total_latency_p95_ms": 5539.641952514648,
      "total_latency_p99_ms": 5545.485808849335,
      "tpot_p50_ms": 10.057727028341855,
      "tpot_p95_ms": 10.170741127986535,
      "tpot_p99_ms": 10.189819242440018,
      "throughput_tok_per_sec": 8920.562525320864,
      "gpu_utilization_mean": 96.94736842105263,
      "gpu_utilization_p50": 100.0,
      "engine": "vllm",
      "concurrency": 128,
      "wall_time_ms": 5751.460388768464,
      "model_id": "meta-llama/Llama-3.1-8B-Instruct",
      "model_short_name": "Llama-3.1-8B-Instruct"
    },
    {
      "num_requests": 200,
      "num_successful": 200,
      "num_failed": 0,
      "ttft_p50_ms": 278.85568141937256,
      "ttft_p95_ms": 2903.609812259674,
      "ttft_p99_ms": 3034.735701084137,
      "total_latency_p50_ms": 2834.6630334854126,
      "total_latency_p95_ms": 5469.833707809448,
      "total_latency_p99_ms": 5594.215791225433,
      "tpot_p50_ms": 10.029121473723766,
      "tpot_p95_ms": 10.162358068105743,
      "tpot_p99_ms": 10.192542357707586,
      "throughput_tok_per_sec": 8966.463922633904,
      "gpu_utilization_mean": 97.01754385964912,
      "gpu_utilization_p50": 100.0,
      "engine": "vllm",
      "concurrency": 128,
      "wall_time_ms": 5720.04687320441,
      "model_id": "meta-llama/Llama-3.1-8B-Instruct",
      "model_short_name": "Llama-3.1-8B-Instruct"
    }
  ]
}