{
  "num_requests": 200,
  "num_successful": 200,
  "num_failed": 0,
  "ttft_p50_ms": 1656.7424535751343,
  "ttft_p95_ms": 3186.711299419403,
  "ttft_p99_ms": 3192.0505785942078,
  "total_latency_p50_ms": 4206.151723861694,
  "total_latency_p95_ms": 5727.370345592499,
  "total_latency_p99_ms": 5731.800887584686,
  "tpot_p50_ms": 10.044499472075817,
  "tpot_p95_ms": 10.153139909736723,
  "tpot_p99_ms": 10.212549503612896,
  "throughput_tok_per_sec": 8889.654713210997,
  "gpu_utilization_mean": 95.96551724137932,
  "gpu_utilization_p50": 100.0,
  "engine": "vllm",
  "concurrency": 256,
  "wall_time_ms": 5758.264717180282,
  "model_id": "meta-llama/Llama-3.1-8B-Instruct",
  "model_short_name": "Llama-3.1-8B-Instruct"
}