{
  "num_requests": 200,
  "num_successful": 200,
  "num_failed": 0,
  "ttft_p50_ms": 278.85568141937256,
  "ttft_p95_ms": 2903.609812259674,
  "ttft_p99_ms": 3034.735701084137,
  "total_latency_p50_ms": 2834.6630334854126,
  "total_latency_p95_ms": 5469.833707809448,
  "total_latency_p99_ms": 5594.215791225433,
  "tpot_p50_ms": 10.029121473723766,
  "tpot_p95_ms": 10.162358068105743,
  "tpot_p99_ms": 10.192542357707586,
  "throughput_tok_per_sec": 8966.463922633904,
  "gpu_utilization_mean": 97.01754385964912,
  "gpu_utilization_p50": 100.0,
  "engine": "vllm",
  "concurrency": 128,
  "wall_time_ms": 5720.04687320441,
  "model_id": "meta-llama/Llama-3.1-8B-Instruct",
  "model_short_name": "Llama-3.1-8B-Instruct"
}