{
  "num_requests": 200,
  "num_successful": 200.0,
  "num_failed": 0,
  "ttft_p50_ms": 25.851070880889893,
  "ttft_p95_ms": 34.018540382385254,
  "ttft_p99_ms": 30.15496373176574,
  "total_latency_p50_ms": 1685.7383251190186,
  "total_latency_p95_ms": 1688.1965517997742,
  "total_latency_p99_ms": 1690.9302186965942,
  "tpot_p50_ms": 6.490194797515869,
  "tpot_p95_ms": 6.495341366412593,
  "tpot_p99_ms": 6.496303979088278,
  "throughput_tok_per_sec": 152.09996324207052,
  "gpu_utilization_mean": 98.93969530267603,
  "gpu_utilization_p50": 100.0,
  "engine": "vllm",
  "concurrency": 1,
  "wall_time_ms": 337608.979688026,
  "model_id": "meta-llama/Llama-3.1-8B-Instruct",
  "model_short_name": "Llama-3.1-8B-Instruct",
  "repeats": 2,
  "throughput_tok_per_sec_mean": 152.09996324207052,
  "throughput_tok_per_sec_std": 0.4283937195673104,
  "ttft_p50_ms_mean": 25.851070880889893,
  "ttft_p50_ms_std": 5.261123180389404,
  "ttft_p99_ms_mean": 30.15496373176574,
  "ttft_p99_ms_std": 6.242998838424681,
  "tpot_p50_ms_mean": 6.490194797515869,
  "tpot_p50_ms_std": 0.0015751988280054974,
  "gpu_utilization_mean_mean": 98.93969530267603,
  "gpu_utilization_mean_std": 0.08772259428089058,
  "num_successful_mean": 200.0,
  "num_successful_std": 0.0,
  "runs": [
    {
      "num_requests": 200,
      "num_successful": 200,
      "num_failed": 0,
      "ttft_p50_ms": 31.112194061279297,
      "ttft_p95_ms": 34.018540382385254,
      "ttft_p99_ms": 36.39796257019042,
      "total_latency_p50_ms": 1685.7383251190186,
      "total_latency_p95_ms": 1688.1965517997742,
      "total_latency_p99_ms": 1690.9302186965942,
      "tpot_p50_ms": 6.488619598687864,
      "tpot_p95_ms": 6.495341366412593,
      "tpot_p99_ms": 6.496303979088278,
      "throughput_tok_per_sec": 151.6715695225032,
      "gpu_utilization_mean": 98.85197270839514,
      "gpu_utilization_p50": 100.0,
      "engine": "vllm",
      "concurrency": 1,
      "wall_time_ms": 337608.979688026,
      "model_id": "meta-llama/Llama-3.1-8B-Instruct",
      "model_short_name": "Llama-3.1-8B-Instruct"
    },
    {
      "num_requests": 200,
      "num_successful": 200,
      "num_failed": 0,
      "ttft_p50_ms": 20.58994770050049,
      "ttft_p95_ms": 22.591841220855713,
      "ttft_p99_ms": 23.91196489334106,
      "total_latency_p50_ms": 1675.9878396987915,
      "total_latency_p95_ms": 1677.6581645011902,
      "total_latency_p99_ms": 1678.6561632156372,
      "tpot_p50_ms": 6.491769996343875,
      "tpot_p95_ms": 6.495116317973417,
      "tpot_p99_ms": 6.497982118643966,
      "throughput_tok_per_sec": 152.52835696163783,
      "gpu_utilization_mean": 99.02741789695692,
      "gpu_utilization_p50": 100.0,
      "engine": "vllm",
      "concurrency": 1,
      "wall_time_ms": 335710.2389750071,
      "model_id": "meta-llama/Llama-3.1-8B-Instruct",
      "model_short_name": "Llama-3.1-8B-Instruct"
    }
  ]
}