{
  "num_requests": 200,
  "num_successful": 200,
  "num_failed": 0,
  "ttft_p50_ms": 68.9631700515747,
  "ttft_p95_ms": 139.12283182144165,
  "ttft_p99_ms": 147.78304576873776,
  "total_latency_p50_ms": 2004.7924518585205,
  "total_latency_p95_ms": 2104.9607396125793,
  "total_latency_p99_ms": 2112.4592876434326,
  "tpot_p50_ms": 7.594692473318062,
  "tpot_p95_ms": 7.750299784142201,
  "tpot_p99_ms": 7.792416116384071,
  "throughput_tok_per_sec": 3683.7133510617214,
  "gpu_utilization_mean": 98.98561151079137,
  "gpu_utilization_p50": 100.0,
  "engine": "vllm",
  "concurrency": 32,
  "wall_time_ms": 13915.550129953772,
  "model_id": "meta-llama/Llama-3.1-8B-Instruct",
  "model_short_name": "Llama-3.1-8B-Instruct"
}