{
  "num_requests": 200,
  "num_successful": 200,
  "num_failed": 0,
  "ttft_p50_ms": 20.58994770050049,
  "ttft_p95_ms": 22.591841220855713,
  "ttft_p99_ms": 23.91196489334106,
  "total_latency_p50_ms": 1675.9878396987915,
  "total_latency_p95_ms": 1677.6581645011902,
  "total_latency_p99_ms": 1678.6561632156372,
  "tpot_p50_ms": 6.491769996343875,
  "tpot_p95_ms": 6.495116317973417,
  "tpot_p99_ms": 6.497982118643966,
  "throughput_tok_per_sec": 152.52835696163783,
  "gpu_utilization_mean": 99.02741789695692,
  "gpu_utilization_p50": 100.0,
  "engine": "vllm",
  "concurrency": 1,
  "wall_time_ms": 335710.2389750071,
  "model_id": "meta-llama/Llama-3.1-8B-Instruct",
  "model_short_name": "Llama-3.1-8B-Instruct"
}