{
  "num_requests": 200,
  "num_successful": 200.0,
  "num_failed": 0,
  "ttft_p50_ms": 102.75667905807495,
  "ttft_p95_ms": 364.7738814353943,
  "ttft_p99_ms": 372.3505818843841,
  "total_latency_p50_ms": 2264.52100276947,
  "total_latency_p95_ms": 2572.991192340851,
  "total_latency_p99_ms": 2585.721700191498,
  "tpot_p50_ms": 8.645361311295453,
  "tpot_p95_ms": 8.665257622213925,
  "tpot_p99_ms": 8.678932788325291,
  "throughput_tok_per_sec": 5862.593198578781,
  "gpu_utilization_mean": 97.7412486938349,
  "gpu_utilization_p50": 100.0,
  "engine": "vllm",
  "concurrency": 64,
  "wall_time_ms": 8705.100875813514,
  "model_id": "meta-llama/Llama-3.1-8B-Instruct",
  "model_short_name": "Llama-3.1-8B-Instruct",
  "repeats": 2,
  "throughput_tok_per_sec_mean": 5862.593198578781,
  "throughput_tok_per_sec_std": 37.35427157041704,
  "ttft_p50_ms_mean": 102.75667905807495,
  "ttft_p50_ms_std": 40.34990072250366,
  "ttft_p99_ms_mean": 372.3505818843841,
  "ttft_p99_ms_std": 9.06003832817072,
  "tpot_p50_ms_mean": 8.645361311295453,
  "tpot_p50_ms_std": 0.009459373997707132,
  "gpu_utilization_mean_mean": 97.7412486938349,
  "gpu_utilization_mean_std": 0.7185214211076314,
  "num_successful_mean": 200.0,
  "num_successful_std": 0.0,
  "runs": [
    {
      "num_requests": 200,
      "num_successful": 200,
      "num_failed": 0,
      "ttft_p50_ms": 62.40677833557129,
      "ttft_p95_ms": 364.7738814353943,
      "ttft_p99_ms": 381.4106202125548,
      "total_latency_p50_ms": 2264.52100276947,
      "total_latency_p95_ms": 2572.991192340851,
      "total_latency_p99_ms": 2585.721700191498,
      "tpot_p50_ms": 8.635901937297746,
      "tpot_p95_ms": 8.665257622213925,
      "tpot_p99_ms": 8.678932788325291,
      "throughput_tok_per_sec": 5899.947470149198,
      "gpu_utilization_mean": 98.45977011494253,
      "gpu_utilization_p50": 100.0,
      "engine": "vllm",
      "concurrency": 64,
      "wall_time_ms": 8705.100875813514,
      "model_id": "meta-llama/Llama-3.1-8B-Instruct",
      "model_short_name": "Llama-3.1-8B-Instruct"
    },
    {
      "num_requests": 200,
      "num_successful": 200,
      "num_failed": 0,
      "ttft_p50_ms": 143.1065797805786,
      "ttft_p95_ms": 310.0326776504513,
      "ttft_p99_ms": 363.2905435562134,
      "total_latency_p50_ms": 2354.488730430603,
      "total_latency_p95_ms": 2505.9414029121394,
      "total_latency_p99_ms": 2556.402666568756,
      "tpot_p50_ms": 8.65482068529316,
      "tpot_p95_ms": 8.779171401379156,
      "tpot_p99_ms": 8.813346283108581,
      "throughput_tok_per_sec": 5825.238927008364,
      "gpu_utilization_mean": 97.02272727272727,
      "gpu_utilization_p50": 100.0,
      "engine": "vllm",
      "concurrency": 64,
      "wall_time_ms": 8807.637472171336,
      "model_id": "meta-llama/Llama-3.1-8B-Instruct",
      "model_short_name": "Llama-3.1-8B-Instruct"
    }
  ]
}