{
  "num_requests": 200,
  "num_successful": 200.0,
  "num_failed": 0,
  "ttft_p50_ms": 93.04499626159668,
  "ttft_p95_ms": 225.14115571975708,
  "ttft_p99_ms": 230.77512860298154,
  "total_latency_p50_ms": 2103.6012172698975,
  "total_latency_p95_ms": 2233.4146976470947,
  "total_latency_p99_ms": 2237.460594177246,
  "tpot_p50_ms": 7.854701023475797,
  "tpot_p95_ms": 7.999855303296856,
  "tpot_p99_ms": 8.039338093177946,
  "throughput_tok_per_sec": 6335.654747109065,
  "gpu_utilization_mean": 96.98148148148148,
  "gpu_utilization_p50": 100.0,
  "engine": "vllm",
  "concurrency": 64,
  "wall_time_ms": 8114.7395158186555,
  "model_id": "meta-llama/Llama-3.1-8B-Instruct",
  "model_short_name": "Llama-3.1-8B-Instruct",
  "repeats": 2,
  "throughput_tok_per_sec_mean": 6335.654747109065,
  "throughput_tok_per_sec_std": 9.365585555681264,
  "ttft_p50_ms_mean": 93.04499626159668,
  "ttft_p50_ms_std": 2.4241209030151367,
  "ttft_p99_ms_mean": 230.77512860298154,
  "ttft_p99_ms_std": 4.2246067523956015,
  "tpot_p50_ms_mean": 7.854701023475797,
  "tpot_p50_ms_std": 0.00417746749578729,
  "gpu_utilization_mean_mean": 96.98148148148148,
  "gpu_utilization_mean_std": 0.38888888888888573,
  "num_successful_mean": 200.0,
  "num_successful_std": 0.0,
  "runs": [
    {
      "num_requests": 200,
      "num_successful": 200,
      "num_failed": 0,
      "ttft_p50_ms": 95.46911716461182,
      "ttft_p95_ms": 225.14115571975708,
      "ttft_p99_ms": 234.99973535537714,
      "total_latency_p50_ms": 2103.6012172698975,
      "total_latency_p95_ms": 2233.4146976470947,
      "total_latency_p99_ms": 2237.460594177246,
      "tpot_p50_ms": 7.858878490971584,
      "tpot_p95_ms": 7.999855303296856,
      "tpot_p99_ms": 8.039338093177946,
      "throughput_tok_per_sec": 6326.2891615533845,
      "gpu_utilization_mean": 97.37037037037037,
      "gpu_utilization_p50": 100.0,
      "engine": "vllm",
      "concurrency": 64,
      "wall_time_ms": 8114.7395158186555,
      "model_id": "meta-llama/Llama-3.1-8B-Instruct",
      "model_short_name": "Llama-3.1-8B-Instruct"
    },
    {
      "num_requests": 200,
      "num_successful": 200,
      "num_failed": 0,
      "ttft_p50_ms": 90.62087535858154,
      "ttft_p95_ms": 217.4652814865112,
      "ttft_p99_ms": 226.55052185058594,
      "total_latency_p50_ms": 2094.509720802307,
      "total_latency_p95_ms": 2228.565990924835,
      "total_latency_p99_ms": 2237.460653781891,
      "tpot_p50_ms": 7.8505235559800095,
      "tpot_p95_ms": 7.987908896277932,
      "tpot_p99_ms": 7.997992459465476,
      "throughput_tok_per_sec": 6345.020332664747,
      "gpu_utilization_mean": 96.5925925925926,
      "gpu_utilization_p50": 100.0,
      "engine": "vllm",
      "concurrency": 64,
      "wall_time_ms": 8092.633958905935,
      "model_id": "meta-llama/Llama-3.1-8B-Instruct",
      "model_short_name": "Llama-3.1-8B-Instruct"
    }
  ]
}