{
  "num_requests": 200,
  "num_successful": 200.0,
  "num_failed": 0,
  "ttft_p50_ms": 74.08589124679565,
  "ttft_p95_ms": 108.89685153961182,
  "ttft_p99_ms": 116.6204309463501,
  "total_latency_p50_ms": 1909.9805355072021,
  "total_latency_p95_ms": 1938.187062740326,
  "total_latency_p99_ms": 1940.576868057251,
  "tpot_p50_ms": 7.191796162549187,
  "tpot_p95_ms": 7.234483326182646,
  "tpot_p99_ms": 7.265176426468025,
  "throughput_tok_per_sec": 3860.048599181069,
  "gpu_utilization_mean": 97.91575529733424,
  "gpu_utilization_p50": 100.0,
  "engine": "vllm",
  "concurrency": 32,
  "wall_time_ms": 13267.40871462971,
  "model_id": "meta-llama/Llama-3.1-8B-Instruct",
  "model_short_name": "Llama-3.1-8B-Instruct",
  "repeats": 2,
  "throughput_tok_per_sec_mean": 3860.048599181069,
  "throughput_tok_per_sec_std": 4.297265318761447,
  "ttft_p50_ms_mean": 74.08589124679565,
  "ttft_p50_ms_std": 0.07408857345581055,
  "ttft_p99_ms_mean": 116.6204309463501,
  "ttft_p99_ms_std": 6.300961971282959,
  "tpot_p50_ms_mean": 7.191796162549187,
  "tpot_p50_ms_std": 0.005070602192598361,
  "gpu_utilization_mean_mean": 97.91575529733424,
  "gpu_utilization_mean_std": 0.32484620642514983,
  "num_successful_mean": 200.0,
  "num_successful_std": 0.0,
  "runs": [
    {
      "num_requests": 200,
      "num_successful": 200,
      "num_failed": 0,
      "ttft_p50_ms": 74.15997982025146,
      "ttft_p95_ms": 108.89685153961182,
      "ttft_p99_ms": 110.31946897506714,
      "total_latency_p50_ms": 1909.9805355072021,
      "total_latency_p95_ms": 1938.187062740326,
      "total_latency_p99_ms": 1940.576868057251,
      "tpot_p50_ms": 7.186725560356589,
      "tpot_p95_ms": 7.234483326182646,
      "tpot_p99_ms": 7.265176426468025,
      "throughput_tok_per_sec": 3864.3458644998304,
      "gpu_utilization_mean": 97.5909090909091,
      "gpu_utilization_p50": 100.0,
      "engine": "vllm",
      "concurrency": 32,
      "wall_time_ms": 13267.40871462971,
      "model_id": "meta-llama/Llama-3.1-8B-Instruct",
      "model_short_name": "Llama-3.1-8B-Instruct"
    },
    {
      "num_requests": 200,
      "num_successful": 200,
      "num_failed": 0,
      "ttft_p50_ms": 74.01180267333984,
      "ttft_p95_ms": 122.26825952529907,
      "ttft_p99_ms": 122.92139291763306,
      "total_latency_p50_ms": 1907.8598022460938,
      "total_latency_p95_ms": 1959.1413974761963,
      "total_latency_p99_ms": 1960.1438212394714,
      "tpot_p50_ms": 7.196866764741785,
      "tpot_p95_ms": 7.2372445405698285,
      "tpot_p99_ms": 7.260015861660826,
      "throughput_tok_per_sec": 3855.7513338623075,
      "gpu_utilization_mean": 98.2406015037594,
      "gpu_utilization_p50": 100.0,
      "engine": "vllm",
      "concurrency": 32,
      "wall_time_ms": 13302.523532882333,
      "model_id": "meta-llama/Llama-3.1-8B-Instruct",
      "model_short_name": "Llama-3.1-8B-Instruct"
    }
  ]
}