{
  "num_requests": 200,
  "num_successful": 200,
  "num_failed": 0,
  "ttft_p50_ms": 831.3708305358887,
  "ttft_p95_ms": 2653.5431385040283,
  "ttft_p99_ms": 2655.986771583557,
  "total_latency_p50_ms": 3053.4462928771973,
  "total_latency_p95_ms": 4887.159180641174,
  "total_latency_p99_ms": 4890.533814430237,
  "tpot_p50_ms": 8.774365163316913,
  "tpot_p95_ms": 8.929547375323725,
  "tpot_p99_ms": 8.958271166857552,
  "throughput_tok_per_sec": 10376.578632519047,
  "gpu_utilization_mean": 95.87755102040816,
  "gpu_utilization_p50": 100.0,
  "engine": "vllm",
  "concurrency": 256,
  "wall_time_ms": 4942.008707206696,
  "model_id": "meta-llama/Llama-3.1-8B-Instruct",
  "model_short_name": "Llama-3.1-8B-Instruct"
}