{
  "num_requests": 200,
  "num_successful": 200,
  "num_failed": 0,
  "ttft_p50_ms": 363.9136552810669,
  "ttft_p95_ms": 2674.0922689437866,
  "ttft_p99_ms": 2736.4323949813843,
  "total_latency_p50_ms": 2630.203366279602,
  "total_latency_p95_ms": 4918.043792247772,
  "total_latency_p99_ms": 4971.24728679657,
  "tpot_p50_ms": 8.81185858857398,
  "tpot_p95_ms": 8.94209202598123,
  "tpot_p99_ms": 8.966012861214432,
  "throughput_tok_per_sec": 10162.045051566689,
  "gpu_utilization_mean": 92.3265306122449,
  "gpu_utilization_p50": 100.0,
  "engine": "vllm",
  "concurrency": 128,
  "wall_time_ms": 5058.954840991646,
  "model_id": "meta-llama/Llama-3.1-8B-Instruct",
  "model_short_name": "Llama-3.1-8B-Instruct"
}