{
  "num_requests": 200,
  "num_successful": 200.0,
  "num_failed": 0,
  "ttft_p50_ms": 1086.0527753829956,
  "ttft_p95_ms": 2653.5431385040283,
  "ttft_p99_ms": 2636.227195262909,
  "total_latency_p50_ms": 3053.4462928771973,
  "total_latency_p95_ms": 4887.159180641174,
  "total_latency_p99_ms": 4890.533814430237,
  "tpot_p50_ms": 8.794789220772536,
  "tpot_p95_ms": 8.929547375323725,
  "tpot_p99_ms": 8.958271166857552,
  "throughput_tok_per_sec": 10469.855316960398,
  "gpu_utilization_mean": 95.38775510204081,
  "gpu_utilization_p50": 100.0,
  "engine": "vllm",
  "concurrency": 256,
  "wall_time_ms": 4942.008707206696,
  "model_id": "meta-llama/Llama-3.1-8B-Instruct",
  "model_short_name": "Llama-3.1-8B-Instruct",
  "repeats": 2,
  "throughput_tok_per_sec_mean": 10469.855316960398,
  "throughput_tok_per_sec_std": 93.27668444135179,
  "ttft_p50_ms_mean": 1086.0527753829956,
  "ttft_p50_ms_std": 254.68194484710693,
  "ttft_p99_ms_mean": 2636.227195262909,
  "ttft_p99_ms_std": 19.759576320648193,
  "tpot_p50_ms_mean": 8.794789220772536,
  "tpot_p50_ms_std": 0.02042405745562359,
  "gpu_utilization_mean_mean": 95.38775510204081,
  "gpu_utilization_mean_std": 0.48979591836734926,
  "num_successful_mean": 200.0,
  "num_successful_std": 0.0,
  "runs": [
    {
      "num_requests": 200,
      "num_successful": 200,
      "num_failed": 0,
      "ttft_p50_ms": 831.3708305358887,
      "ttft_p95_ms": 2653.5431385040283,
      "ttft_p99_ms": 2655.986771583557,
      "total_latency_p50_ms": 3053.4462928771973,
      "total_latency_p95_ms": 4887.159180641174,
      "total_latency_p99_ms": 4890.533814430237,
      "tpot_p50_ms": 8.774365163316913,
      "tpot_p95_ms": 8.929547375323725,
      "tpot_p99_ms": 8.958271166857552,
      "throughput_tok_per_sec": 10376.578632519047,
      "gpu_utilization_mean": 95.87755102040816,
      "gpu_utilization_p50": 100.0,
      "engine": "vllm",
      "concurrency": 256,
      "wall_time_ms": 4942.008707206696,
      "model_id": "meta-llama/Llama-3.1-8B-Instruct",
      "model_short_name": "Llama-3.1-8B-Instruct"
    },
    {
      "num_requests": 200,
      "num_successful": 200,
      "num_failed": 0,
      "ttft_p50_ms": 1340.7347202301025,
      "ttft_p95_ms": 2603.6391019821167,
      "ttft_p99_ms": 2616.4676189422607,
      "total_latency_p50_ms": 3576.0514736175537,
      "total_latency_p95_ms": 4815.894770622253,
      "total_latency_p99_ms": 4827.442569732666,
      "tpot_p50_ms": 8.81521327822816,
      "tpot_p95_ms": 8.924758107054467,
      "tpot_p99_ms": 8.933325402876909,
      "throughput_tok_per_sec": 10563.132001401751,
      "gpu_utilization_mean": 94.89795918367346,
      "gpu_utilization_p50": 100.0,
      "engine": "vllm",
      "concurrency": 256,
      "wall_time_ms": 4864.175954833627,
      "model_id": "meta-llama/Llama-3.1-8B-Instruct",
      "model_short_name": "Llama-3.1-8B-Instruct"
    }
  ]
}