{
  "num_requests": 200,
  "num_successful": 200.0,
  "num_failed": 0,
  "ttft_p50_ms": 28.091728687286377,
  "ttft_p95_ms": 30.284261703491207,
  "ttft_p99_ms": 31.74237370491028,
  "total_latency_p50_ms": 1683.4837198257446,
  "total_latency_p95_ms": 1686.9795203208923,
  "total_latency_p99_ms": 1689.0573501586914,
  "tpot_p50_ms": 6.493144175585579,
  "tpot_p95_ms": 6.506678403592578,
  "tpot_p99_ms": 6.512570320541482,
  "throughput_tok_per_sec": 151.99417820555595,
  "gpu_utilization_mean": 98.72992360616263,
  "gpu_utilization_p50": 100.0,
  "engine": "vllm",
  "concurrency": 1,
  "wall_time_ms": 336914.21700036153,
  "model_id": "meta-llama/Llama-3.1-8B-Instruct",
  "model_short_name": "Llama-3.1-8B-Instruct",
  "repeats": 2,
  "throughput_tok_per_sec_mean": 151.99417820555595,
  "throughput_tok_per_sec_std": 0.004273047605096281,
  "ttft_p50_ms_mean": 28.091728687286377,
  "ttft_p50_ms_std": 0.13786554336547852,
  "ttft_p99_ms_mean": 31.74237370491028,
  "ttft_p99_ms_std": 0.5886447429656982,
  "tpot_p50_ms_mean": 6.493144175585579,
  "tpot_p50_ms_std": 0.0001895661447561814,
  "gpu_utilization_mean_mean": 98.72992360616263,
  "gpu_utilization_mean_std": 0.022831830238914108,
  "num_successful_mean": 200.0,
  "num_successful_std": 0.0,
  "runs": [
    {
      "num_requests": 200,
      "num_successful": 200,
      "num_failed": 0,
      "ttft_p50_ms": 27.9538631439209,
      "ttft_p95_ms": 30.284261703491207,
      "ttft_p99_ms": 31.15372896194458,
      "total_latency_p50_ms": 1683.4837198257446,
      "total_latency_p95_ms": 1686.9795203208923,
      "total_latency_p99_ms": 1689.0573501586914,
      "tpot_p50_ms": 6.493333741730335,
      "tpot_p95_ms": 6.506678403592578,
      "tpot_p99_ms": 6.512570320541482,
      "throughput_tok_per_sec": 151.98990515795086,
      "gpu_utilization_mean": 98.70709177592371,
      "gpu_utilization_p50": 100.0,
      "engine": "vllm",
      "concurrency": 1,
      "wall_time_ms": 336914.21700036153,
      "model_id": "meta-llama/Llama-3.1-8B-Instruct",
      "model_short_name": "Llama-3.1-8B-Instruct"
    },
    {
      "num_requests": 200,
      "num_successful": 200,
      "num_failed": 0,
      "ttft_p50_ms": 28.229594230651855,
      "ttft_p95_ms": 31.027185916900635,
      "ttft_p99_ms": 32.33101844787598,
      "total_latency_p50_ms": 1683.7165355682373,
      "total_latency_p95_ms": 1687.6361012458801,
      "total_latency_p99_ms": 1690.1855206489563,
      "tpot_p50_ms": 6.492954609440822,
      "tpot_p95_ms": 6.506683499205346,
      "tpot_p99_ms": 6.518110752105713,
      "throughput_tok_per_sec": 151.99845125316105,
      "gpu_utilization_mean": 98.75275543640154,
      "gpu_utilization_p50": 100.0,
      "engine": "vllm",
      "concurrency": 1,
      "wall_time_ms": 336897.6809279993,
      "model_id": "meta-llama/Llama-3.1-8B-Instruct",
      "model_short_name": "Llama-3.1-8B-Instruct"
    }
  ]
}