{
  "num_requests": 200,
  "num_successful": 200.0,
  "num_failed": 0,
  "ttft_p50_ms": 34.76893901824951,
  "ttft_p95_ms": 44.85030174255364,
  "ttft_p99_ms": 63.34879517555237,
  "total_latency_p50_ms": 1743.420958518982,
  "total_latency_p95_ms": 1764.9058938026428,
  "total_latency_p99_ms": 1979.13640499115,
  "tpot_p50_ms": 6.705228020163144,
  "tpot_p95_ms": 6.748912240944657,
  "tpot_p99_ms": 7.657307447171679,
  "throughput_tok_per_sec": 1167.5563053038159,
  "gpu_utilization_mean": 98.90657464697695,
  "gpu_utilization_p50": 100.0,
  "engine": "vllm",
  "concurrency": 8,
  "wall_time_ms": 43966.831867117435,
  "model_id": "meta-llama/Llama-3.1-8B-Instruct",
  "model_short_name": "Llama-3.1-8B-Instruct",
  "repeats": 2,
  "throughput_tok_per_sec_mean": 1167.5563053038159,
  "throughput_tok_per_sec_std": 2.1435827096478306,
  "ttft_p50_ms_mean": 34.76893901824951,
  "ttft_p50_ms_std": 2.939939498901367,
  "ttft_p99_ms_mean": 63.34879517555237,
  "ttft_p99_ms_std": 5.310071706771851,
  "tpot_p50_ms_mean": 6.705228020163144,
  "tpot_p50_ms_std": 0.0024688010122262405,
  "gpu_utilization_mean_mean": 98.90657464697695,
  "gpu_utilization_mean_std": 0.0796953759063399,
  "num_successful_mean": 200.0,
  "num_successful_std": 0.0,
  "runs": [
    {
      "num_requests": 200,
      "num_successful": 200,
      "num_failed": 0,
      "ttft_p50_ms": 31.828999519348145,
      "ttft_p95_ms": 44.85030174255364,
      "ttft_p99_ms": 58.03872346878052,
      "total_latency_p50_ms": 1743.420958518982,
      "total_latency_p95_ms": 1764.9058938026428,
      "total_latency_p99_ms": 1979.13640499115,
      "tpot_p50_ms": 6.70769682117537,
      "tpot_p95_ms": 6.748912240944657,
      "tpot_p99_ms": 7.657307447171679,
      "throughput_tok_per_sec": 1165.4127225941681,
      "gpu_utilization_mean": 98.82687927107061,
      "gpu_utilization_p50": 100.0,
      "engine": "vllm",
      "concurrency": 8,
      "wall_time_ms": 43966.831867117435,
      "model_id": "meta-llama/Llama-3.1-8B-Instruct",
      "model_short_name": "Llama-3.1-8B-Instruct"
    },
    {
      "num_requests": 200,
      "num_successful": 200,
      "num_failed": 0,
      "ttft_p50_ms": 37.70887851715088,
      "ttft_p95_ms": 53.43269109725952,
      "ttft_p99_ms": 68.65886688232422,
      "total_latency_p50_ms": 1746.6470003128052,
      "total_latency_p95_ms": 1771.3463068008423,
      "total_latency_p99_ms": 1773.6950826644897,
      "tpot_p50_ms": 6.702759219150917,
      "tpot_p95_ms": 6.736469642788756,
      "tpot_p99_ms": 6.746117816251867,
      "throughput_tok_per_sec": 1169.6998880134638,
      "gpu_utilization_mean": 98.98627002288329,
      "gpu_utilization_p50": 100.0,
      "engine": "vllm",
      "concurrency": 8,
      "wall_time_ms": 43783.520431257784,
      "model_id": "meta-llama/Llama-3.1-8B-Instruct",
      "model_short_name": "Llama-3.1-8B-Instruct"
    }
  ]
}