{
  "num_requests": 200,
  "num_successful": 200,
  "num_failed": 0,
  "ttft_p50_ms": 188.27080726623535,
  "ttft_p95_ms": 2535.1364731788635,
  "ttft_p99_ms": 2554.3833351135254,
  "total_latency_p50_ms": 2449.8839378356934,
  "total_latency_p95_ms": 4784.810495376587,
  "total_latency_p99_ms": 4793.4014320373535,
  "tpot_p50_ms": 8.786195280081845,
  "tpot_p95_ms": 8.915839335497688,
  "tpot_p99_ms": 8.927879847732246,
  "throughput_tok_per_sec": 10537.692726578065,
  "gpu_utilization_mean": 96.0,
  "gpu_utilization_p50": 100.0,
  "engine": "vllm",
  "concurrency": 128,
  "wall_time_ms": 4873.544969130307,
  "model_id": "meta-llama/Llama-3.1-8B-Instruct",
  "model_short_name": "Llama-3.1-8B-Instruct"
}