{
  "num_requests": 200,
  "num_successful": 200,
  "num_failed": 0,
  "ttft_p50_ms": 95.46911716461182,
  "ttft_p95_ms": 225.14115571975708,
  "ttft_p99_ms": 234.99973535537714,
  "total_latency_p50_ms": 2103.6012172698975,
  "total_latency_p95_ms": 2233.4146976470947,
  "total_latency_p99_ms": 2237.460594177246,
  "tpot_p50_ms": 7.858878490971584,
  "tpot_p95_ms": 7.999855303296856,
  "tpot_p99_ms": 8.039338093177946,
  "throughput_tok_per_sec": 6326.2891615533845,
  "gpu_utilization_mean": 97.37037037037037,
  "gpu_utilization_p50": 100.0,
  "engine": "vllm",
  "concurrency": 64,
  "wall_time_ms": 8114.7395158186555,
  "model_id": "meta-llama/Llama-3.1-8B-Instruct",
  "model_short_name": "Llama-3.1-8B-Instruct"
}