{
  "num_requests": 200,
  "num_successful": 200.0,
  "num_failed": 0,
  "ttft_p50_ms": 276.0922312736511,
  "ttft_p95_ms": 2674.0922689437866,
  "ttft_p99_ms": 2645.407865047455,
  "total_latency_p50_ms": 2630.203366279602,
  "total_latency_p95_ms": 4918.043792247772,
  "total_latency_p99_ms": 4971.24728679657,
  "tpot_p50_ms": 8.799026934327912,
  "tpot_p95_ms": 8.94209202598123,
  "tpot_p99_ms": 8.966012861214432,
  "throughput_tok_per_sec": 10349.868889072377,
  "gpu_utilization_mean": 94.16326530612244,
  "gpu_utilization_p50": 100.0,
  "engine": "vllm",
  "concurrency": 128,
  "wall_time_ms": 5058.954840991646,
  "model_id": "meta-llama/Llama-3.1-8B-Instruct",
  "model_short_name": "Llama-3.1-8B-Instruct",
  "repeats": 2,
  "throughput_tok_per_sec_mean": 10349.868889072377,
  "throughput_tok_per_sec_std": 187.82383750568806,
  "ttft_p50_ms_mean": 276.0922312736511,
  "ttft_p50_ms_std": 87.82142400741577,
  "ttft_p99_ms_mean": 2645.407865047455,
  "ttft_p99_ms_std": 91.02452993392944,
  "tpot_p50_ms_mean": 8.799026934327912,
  "tpot_p50_ms_std": 0.012831654246067359,
  "gpu_utilization_mean_mean": 94.16326530612244,
  "gpu_utilization_mean_std": 1.8367346938775526,
  "num_successful_mean": 200.0,
  "num_successful_std": 0.0,
  "runs": [
    {
      "num_requests": 200,
      "num_successful": 200,
      "num_failed": 0,
      "ttft_p50_ms": 363.9136552810669,
      "ttft_p95_ms": 2674.0922689437866,
      "ttft_p99_ms": 2736.4323949813843,
      "total_latency_p50_ms": 2630.203366279602,
      "total_latency_p95_ms": 4918.043792247772,
      "total_latency_p99_ms": 4971.24728679657,
      "tpot_p50_ms": 8.81185858857398,
      "tpot_p95_ms": 8.94209202598123,
      "tpot_p99_ms": 8.966012861214432,
      "throughput_tok_per_sec": 10162.045051566689,
      "gpu_utilization_mean": 92.3265306122449,
      "gpu_utilization_p50": 100.0,
      "engine": "vllm",
      "concurrency": 128,
      "wall_time_ms": 5058.954840991646,
      "model_id": "meta-llama/Llama-3.1-8B-Instruct",
      "model_short_name": "Llama-3.1-8B-Instruct"
    },
    {
      "num_requests": 200,
      "num_successful": 200,
      "num_failed": 0,
      "ttft_p50_ms": 188.27080726623535,
      "ttft_p95_ms": 2535.1364731788635,
      "ttft_p99_ms": 2554.3833351135254,
      "total_latency_p50_ms": 2449.8839378356934,
      "total_latency_p95_ms": 4784.810495376587,
      "total_latency_p99_ms": 4793.4014320373535,
      "tpot_p50_ms": 8.786195280081845,
      "tpot_p95_ms": 8.915839335497688,
      "tpot_p99_ms": 8.927879847732246,
      "throughput_tok_per_sec": 10537.692726578065,
      "gpu_utilization_mean": 96.0,
      "gpu_utilization_p50": 100.0,
      "engine": "vllm",
      "concurrency": 128,
      "wall_time_ms": 4873.544969130307,
      "model_id": "meta-llama/Llama-3.1-8B-Instruct",
      "model_short_name": "Llama-3.1-8B-Instruct"
    }
  ]
}