{
  "num_requests": 200,
  "num_successful": 200,
  "num_failed": 0,
  "ttft_p50_ms": 27.9538631439209,
  "ttft_p95_ms": 30.284261703491207,
  "ttft_p99_ms": 31.15372896194458,
  "total_latency_p50_ms": 1683.4837198257446,
  "total_latency_p95_ms": 1686.9795203208923,
  "total_latency_p99_ms": 1689.0573501586914,
  "tpot_p50_ms": 6.493333741730335,
  "tpot_p95_ms": 6.506678403592578,
  "tpot_p99_ms": 6.512570320541482,
  "throughput_tok_per_sec": 151.98990515795086,
  "gpu_utilization_mean": 98.70709177592371,
  "gpu_utilization_p50": 100.0,
  "engine": "vllm",
  "concurrency": 1,
  "wall_time_ms": 336914.21700036153,
  "model_id": "meta-llama/Llama-3.1-8B-Instruct",
  "model_short_name": "Llama-3.1-8B-Instruct"
}