{
  "num_requests": 200,
  "num_successful": 200.0,
  "num_failed": 0,
  "ttft_p50_ms": 33.769071102142334,
  "ttft_p95_ms": 34.54084396362305,
  "ttft_p99_ms": 35.1608145236969,
  "total_latency_p50_ms": 2918.8599586486816,
  "total_latency_p95_ms": 2952.871799468994,
  "total_latency_p99_ms": 2963.841760158539,
  "tpot_p50_ms": 11.351021319316274,
  "tpot_p95_ms": 11.46516363686464,
  "tpot_p99_ms": 11.59704704176728,
  "throughput_tok_per_sec": 682.9865321640909,
  "gpu_utilization_mean": 99.68238557558945,
  "gpu_utilization_p50": 100.0,
  "engine": "sglang",
  "concurrency": 8,
  "wall_time_ms": 72943.15546378493,
  "model_id": "meta-llama/Llama-3.1-8B-Instruct",
  "model_short_name": "Llama-3.1-8B-Instruct",
  "repeats": 2,
  "throughput_tok_per_sec_mean": 682.9865321640909,
  "throughput_tok_per_sec_std": 1.5306763470256328,
  "ttft_p50_ms_mean": 33.769071102142334,
  "ttft_p50_ms_std": 0.02104043960571289,
  "ttft_p99_ms_mean": 35.1608145236969,
  "ttft_p99_ms_std": 0.04968762397766113,
  "tpot_p50_ms_mean": 11.351021319316274,
  "tpot_p50_ms_std": 0.008336047058619123,
  "gpu_utilization_mean_mean": 99.68238557558945,
  "gpu_utilization_mean_std": 0.016643550624131365,
  "num_successful_mean": 200.0,
  "num_successful_std": 0.0,
  "runs": [
    {
      "num_requests": 200,
      "num_successful": 200,
      "num_failed": 0,
      "ttft_p50_ms": 33.79011154174805,
      "ttft_p95_ms": 34.54084396362305,
      "ttft_p99_ms": 35.11112689971924,
      "total_latency_p50_ms": 2918.8599586486816,
      "total_latency_p95_ms": 2952.871799468994,
      "total_latency_p99_ms": 2963.841760158539,
      "tpot_p50_ms": 11.342685272257656,
      "tpot_p95_ms": 11.46516363686464,
      "tpot_p99_ms": 11.59704704176728,
      "throughput_tok_per_sec": 684.5172085111166,
      "gpu_utilization_mean": 99.69902912621359,
      "gpu_utilization_p50": 100.0,
      "engine": "sglang",
      "concurrency": 8,
      "wall_time_ms": 72943.15546378493,
      "model_id": "meta-llama/Llama-3.1-8B-Instruct",
      "model_short_name": "Llama-3.1-8B-Instruct"
    },
    {
      "num_requests": 200,
      "num_successful": 200,
      "num_failed": 0,
      "ttft_p50_ms": 33.74803066253662,
      "ttft_p95_ms": 34.8270058631897,
      "ttft_p99_ms": 35.21050214767456,
      "total_latency_p50_ms": 2928.36856842041,
      "total_latency_p95_ms": 2960.27729511261,
      "total_latency_p99_ms": 2964.4973587989807,
      "tpot_p50_ms": 11.359357366374894,
      "tpot_p95_ms": 11.491106912201527,
      "tpot_p99_ms": 11.649365711197001,
      "throughput_tok_per_sec": 681.4558558170653,
      "gpu_utilization_mean": 99.66574202496533,
      "gpu_utilization_p50": 100.0,
      "engine": "sglang",
      "concurrency": 8,
      "wall_time_ms": 73016.10608864576,
      "model_id": "meta-llama/Llama-3.1-8B-Instruct",
      "model_short_name": "Llama-3.1-8B-Instruct"
    }
  ]
}