{
  "num_requests": 200,
  "num_successful": 200.0,
  "num_failed": 0,
  "ttft_p50_ms": 24.5668888092041,
  "ttft_p95_ms": 25.762760639190674,
  "ttft_p99_ms": 25.848351716995232,
  "total_latency_p50_ms": 2804.542303085327,
  "total_latency_p95_ms": 2807.4942231178284,
  "total_latency_p99_ms": 2809.115023612976,
  "tpot_p50_ms": 10.902855676763199,
  "tpot_p95_ms": 10.913916054893942,
  "tpot_p99_ms": 11.017182786460227,
  "throughput_tok_per_sec": 91.25182181730608,
  "gpu_utilization_mean": 99.8615774281009,
  "gpu_utilization_p50": 100.0,
  "engine": "sglang",
  "concurrency": 1,
  "wall_time_ms": 554887.5683275983,
  "model_id": "meta-llama/Llama-3.1-8B-Instruct",
  "model_short_name": "Llama-3.1-8B-Instruct",
  "repeats": 2,
  "throughput_tok_per_sec_mean": 91.25182181730608,
  "throughput_tok_per_sec_std": 0.00489715506777344,
  "ttft_p50_ms_mean": 24.5668888092041,
  "ttft_p50_ms_std": 0.04398822784423828,
  "ttft_p99_ms_mean": 25.848351716995232,
  "ttft_p99_ms_std": 0.40903687477111283,
  "tpot_p50_ms_mean": 10.902855676763199,
  "tpot_p50_ms_std": 8.57839397356841e-05,
  "gpu_utilization_mean_mean": 99.8615774281009,
  "gpu_utilization_mean_std": 0.0004915374163303454,
  "num_successful_mean": 200.0,
  "num_successful_std": 0.0,
  "runs": [
    {
      "num_requests": 200,
      "num_successful": 200,
      "num_failed": 0,
      "ttft_p50_ms": 24.61087703704834,
      "ttft_p95_ms": 25.762760639190674,
      "ttft_p99_ms": 26.257388591766347,
      "total_latency_p50_ms": 2804.542303085327,
      "total_latency_p95_ms": 2807.4942231178284,
      "total_latency_p99_ms": 2809.115023612976,
      "tpot_p50_ms": 10.902769892823462,
      "tpot_p95_ms": 10.913916054893942,
      "tpot_p99_ms": 11.017182786460227,
      "throughput_tok_per_sec": 91.2469246622383,
      "gpu_utilization_mean": 99.86108589068458,
      "gpu_utilization_p50": 100.0,
      "engine": "sglang",
      "concurrency": 1,
      "wall_time_ms": 554887.5683275983,
      "model_id": "meta-llama/Llama-3.1-8B-Instruct",
      "model_short_name": "Llama-3.1-8B-Instruct"
    },
    {
      "num_requests": 200,
      "num_successful": 200,
      "num_failed": 0,
      "ttft_p50_ms": 24.522900581359863,
      "ttft_p95_ms": 25.213134288787842,
      "ttft_p99_ms": 25.43931484222412,
      "total_latency_p50_ms": 2804.305076599121,
      "total_latency_p95_ms": 2807.057559490204,
      "total_latency_p99_ms": 2807.8177738189697,
      "tpot_p50_ms": 10.902941460702934,
      "tpot_p95_ms": 10.947373446333344,
      "tpot_p99_ms": 10.988364508285105,
      "throughput_tok_per_sec": 91.25671897237385,
      "gpu_utilization_mean": 99.86206896551724,
      "gpu_utilization_p50": 100.0,
      "engine": "sglang",
      "concurrency": 1,
      "wall_time_ms": 549656.1016077176,
      "model_id": "meta-llama/Llama-3.1-8B-Instruct",
      "model_short_name": "Llama-3.1-8B-Instruct"
    }
  ]
}