{
  "num_requests": 200,
  "num_successful": 200.0,
  "num_failed": 0,
  "ttft_p50_ms": 68.25107336044312,
  "ttft_p95_ms": 86.60776615142822,
  "ttft_p99_ms": 91.85312509536743,
  "total_latency_p50_ms": 4146.294951438904,
  "total_latency_p95_ms": 4162.429189682007,
  "total_latency_p99_ms": 4164.865114688873,
  "tpot_p50_ms": 15.971060593922934,
  "tpot_p95_ms": 16.067230467702828,
  "tpot_p99_ms": 16.10749463474049,
  "throughput_tok_per_sec": 3317.872748050522,
  "gpu_utilization_mean": 99.54575163398692,
  "gpu_utilization_p50": 100.0,
  "engine": "sglang",
  "concurrency": 64,
  "wall_time_ms": 15354.153703898191,
  "model_id": "meta-llama/Llama-3.1-8B-Instruct",
  "model_short_name": "Llama-3.1-8B-Instruct",
  "repeats": 2,
  "throughput_tok_per_sec_mean": 3317.872748050522,
  "throughput_tok_per_sec_std": 3.9720664189935633,
  "ttft_p50_ms_mean": 68.25107336044312,
  "ttft_p50_ms_std": 2.635776996612549,
  "ttft_p99_ms_mean": 91.85312509536743,
  "ttft_p99_ms_std": 4.6388983726501465,
  "tpot_p50_ms_mean": 15.971060593922934,
  "tpot_p50_ms_std": 0.020172315485337933,
  "gpu_utilization_mean_mean": 99.54575163398692,
  "gpu_utilization_mean_std": 0.00980392156862564,
  "num_successful_mean": 200.0,
  "num_successful_std": 0.0,
  "runs": [
    {
      "num_requests": 200,
      "num_successful": 200,
      "num_failed": 0,
      "ttft_p50_ms": 65.61529636383057,
      "ttft_p95_ms": 86.60776615142822,
      "ttft_p99_ms": 87.21422672271729,
      "total_latency_p50_ms": 4146.294951438904,
      "total_latency_p95_ms": 4162.429189682007,
      "total_latency_p99_ms": 4164.865114688873,
      "tpot_p50_ms": 15.991232909408271,
      "tpot_p95_ms": 16.067230467702828,
      "tpot_p99_ms": 16.10749463474049,
      "throughput_tok_per_sec": 3321.8448144695158,
      "gpu_utilization_mean": 99.5359477124183,
      "gpu_utilization_p50": 100.0,
      "engine": "sglang",
      "concurrency": 64,
      "wall_time_ms": 15354.153703898191,
      "model_id": "meta-llama/Llama-3.1-8B-Instruct",
      "model_short_name": "Llama-3.1-8B-Instruct"
    },
    {
      "num_requests": 200,
      "num_successful": 200,
      "num_failed": 0,
      "ttft_p50_ms": 70.88685035705566,
      "ttft_p95_ms": 95.35472393035889,
      "ttft_p99_ms": 96.49202346801758,
      "total_latency_p50_ms": 4144.755244255066,
      "total_latency_p95_ms": 4159.347474575043,
      "total_latency_p99_ms": 4161.628339290619,
      "tpot_p50_ms": 15.950888278437596,
      "tpot_p95_ms": 16.074120343900194,
      "tpot_p99_ms": 16.124631336115566,
      "throughput_tok_per_sec": 3313.9006816315286,
      "gpu_utilization_mean": 99.55555555555556,
      "gpu_utilization_p50": 100.0,
      "engine": "sglang",
      "concurrency": 64,
      "wall_time_ms": 15344.09150853753,
      "model_id": "meta-llama/Llama-3.1-8B-Instruct",
      "model_short_name": "Llama-3.1-8B-Instruct"
    }
  ]
}