{
  "num_requests": 200,
  "num_successful": 200,
  "num_failed": 0,
  "ttft_p50_ms": 260.2020502090454,
  "ttft_p95_ms": 5177.3765206336975,
  "ttft_p99_ms": 5202.910587787628,
  "total_latency_p50_ms": 4793.748259544373,
  "total_latency_p95_ms": 9338.140845298767,
  "total_latency_p99_ms": 9739.679436683655,
  "tpot_p50_ms": 18.57493433353084,
  "tpot_p95_ms": 19.20188013388186,
  "tpot_p99_ms": 19.257844408031584,
  "throughput_tok_per_sec": 4994.9658387293675,
  "gpu_utilization_mean": 99.37755102040816,
  "gpu_utilization_p50": 100.0,
  "engine": "sglang",
  "concurrency": 128,
  "wall_time_ms": 9766.440737061203,
  "model_id": "meta-llama/Llama-3.1-8B-Instruct",
  "model_short_name": "Llama-3.1-8B-Instruct"
}