{
  "num_requests": 200,
  "num_successful": 200.0,
  "num_failed": 0,
  "ttft_p50_ms": 49.1899847984314,
  "ttft_p95_ms": 58.67806673049927,
  "ttft_p99_ms": 58.82892608642578,
  "total_latency_p50_ms": 3465.6065702438354,
  "total_latency_p95_ms": 3505.720031261444,
  "total_latency_p99_ms": 3510.2852416038513,
  "tpot_p50_ms": 13.404081849490895,
  "tpot_p95_ms": 13.608057358685661,
  "tpot_p99_ms": 13.668659425249286,
  "throughput_tok_per_sec": 2145.89961203367,
  "gpu_utilization_mean": 99.57826198598731,
  "gpu_utilization_p50": 100.0,
  "engine": "sglang",
  "concurrency": 32,
  "wall_time_ms": 23311.188912950456,
  "model_id": "meta-llama/Llama-3.1-8B-Instruct",
  "model_short_name": "Llama-3.1-8B-Instruct",
  "repeats": 2,
  "throughput_tok_per_sec_mean": 2145.89961203367,
  "throughput_tok_per_sec_std": 16.02762690479358,
  "ttft_p50_ms_mean": 49.1899847984314,
  "ttft_p50_ms_std": 0.6850361824035645,
  "ttft_p99_ms_mean": 58.82892608642578,
  "ttft_p99_ms_std": 0.6755161285400391,
  "tpot_p50_ms_mean": 13.404081849490895,
  "tpot_p50_ms_std": 0.004225618699019051,
  "gpu_utilization_mean_mean": 99.57826198598731,
  "gpu_utilization_mean_std": 0.048347456072775685,
  "num_successful_mean": 200.0,
  "num_successful_std": 0.0,
  "runs": [
    {
      "num_requests": 200,
      "num_successful": 200,
      "num_failed": 0,
      "ttft_p50_ms": 49.87502098083496,
      "ttft_p95_ms": 58.67806673049927,
      "ttft_p99_ms": 59.50444221496582,
      "total_latency_p50_ms": 3465.6065702438354,
      "total_latency_p95_ms": 3505.720031261444,
      "total_latency_p99_ms": 3510.2852416038513,
      "tpot_p50_ms": 13.399856230791876,
      "tpot_p95_ms": 13.608057358685661,
      "tpot_p99_ms": 13.668659425249286,
      "throughput_tok_per_sec": 2161.9272389384637,
      "gpu_utilization_mean": 99.62660944206009,
      "gpu_utilization_p50": 100.0,
      "engine": "sglang",
      "concurrency": 32,
      "wall_time_ms": 23311.188912950456,
      "model_id": "meta-llama/Llama-3.1-8B-Instruct",
      "model_short_name": "Llama-3.1-8B-Instruct"
    },
    {
      "num_requests": 200,
      "num_successful": 200,
      "num_failed": 0,
      "ttft_p50_ms": 48.50494861602783,
      "ttft_p95_ms": 57.470059394836426,
      "ttft_p99_ms": 58.15340995788574,
      "total_latency_p50_ms": 3465.1284217834473,
      "total_latency_p95_ms": 3496.030843257904,
      "total_latency_p99_ms": 3498.00833940506,
      "tpot_p50_ms": 13.408307468189914,
      "tpot_p95_ms": 13.530518307405359,
      "tpot_p99_ms": 13.572435079836378,
      "throughput_tok_per_sec": 2129.8719851288765,
      "gpu_utilization_mean": 99.52991452991454,
      "gpu_utilization_p50": 100.0,
      "engine": "sglang",
      "concurrency": 32,
      "wall_time_ms": 23461.557887494564,
      "model_id": "meta-llama/Llama-3.1-8B-Instruct",
      "model_short_name": "Llama-3.1-8B-Instruct"
    }
  ]
}