{
  "num_requests": 200,
  "num_successful": 200.0,
  "num_failed": 0,
  "ttft_p50_ms": 176.96869373321533,
  "ttft_p95_ms": 5177.3765206336975,
  "ttft_p99_ms": 5057.517516613007,
  "total_latency_p50_ms": 4793.748259544373,
  "total_latency_p95_ms": 9338.140845298767,
  "total_latency_p99_ms": 9739.679436683655,
  "tpot_p50_ms": 18.484428386400914,
  "tpot_p95_ms": 19.20188013388186,
  "tpot_p99_ms": 19.257844408031584,
  "throughput_tok_per_sec": 5095.453717687427,
  "gpu_utilization_mean": 99.1624597207304,
  "gpu_utilization_p50": 100.0,
  "engine": "sglang",
  "concurrency": 128,
  "wall_time_ms": 9766.440737061203,
  "model_id": "meta-llama/Llama-3.1-8B-Instruct",
  "model_short_name": "Llama-3.1-8B-Instruct",
  "repeats": 2,
  "throughput_tok_per_sec_mean": 5095.453717687427,
  "throughput_tok_per_sec_std": 100.48787895805935,
  "ttft_p50_ms_mean": 176.96869373321533,
  "ttft_p50_ms_std": 83.23335647583008,
  "ttft_p99_ms_mean": 5057.517516613007,
  "ttft_p99_ms_std": 145.39307117462158,
  "tpot_p50_ms_mean": 18.484428386400914,
  "tpot_p50_ms_std": 0.09050594712992499,
  "gpu_utilization_mean_mean": 99.1624597207304,
  "gpu_utilization_mean_std": 0.2150912996777663,
  "num_successful_mean": 200.0,
  "num_successful_std": 0.0,
  "runs": [
    {
      "num_requests": 200,
      "num_successful": 200,
      "num_failed": 0,
      "ttft_p50_ms": 260.2020502090454,
      "ttft_p95_ms": 5177.3765206336975,
      "ttft_p99_ms": 5202.910587787628,
      "total_latency_p50_ms": 4793.748259544373,
      "total_latency_p95_ms": 9338.140845298767,
      "total_latency_p99_ms": 9739.679436683655,
      "tpot_p50_ms": 18.57493433353084,
      "tpot_p95_ms": 19.20188013388186,
      "tpot_p99_ms": 19.257844408031584,
      "throughput_tok_per_sec": 4994.9658387293675,
      "gpu_utilization_mean": 99.37755102040816,
      "gpu_utilization_p50": 100.0,
      "engine": "sglang",
      "concurrency": 128,
      "wall_time_ms": 9766.440737061203,
      "model_id": "meta-llama/Llama-3.1-8B-Instruct",
      "model_short_name": "Llama-3.1-8B-Instruct"
    },
    {
      "num_requests": 200,
      "num_successful": 200,
      "num_failed": 0,
      "ttft_p50_ms": 93.73533725738525,
      "ttft_p95_ms": 4911.616742610931,
      "ttft_p99_ms": 4912.124445438385,
      "total_latency_p50_ms": 4847.459316253662,
      "total_latency_p95_ms": 9506.186437606812,
      "total_latency_p99_ms": 9507.394342422485,
      "tpot_p50_ms": 18.39392243927099,
      "tpot_p95_ms": 18.70139898038378,
      "tpot_p99_ms": 18.717847328560026,
      "throughput_tok_per_sec": 5195.941596645486,
      "gpu_utilization_mean": 98.94736842105263,
      "gpu_utilization_p50": 100.0,
      "engine": "sglang",
      "concurrency": 128,
      "wall_time_ms": 9545.032401569188,
      "model_id": "meta-llama/Llama-3.1-8B-Instruct",
      "model_short_name": "Llama-3.1-8B-Instruct"
    }
  ]
}