{
  "num_requests": 200,
  "num_successful": 200.0,
  "num_failed": 0,
  "ttft_p50_ms": 1137.6425623893738,
  "ttft_p95_ms": 4945.783007144928,
  "ttft_p99_ms": 4933.134318590164,
  "total_latency_p50_ms": 5579.850196838379,
  "total_latency_p95_ms": 9556.768500804901,
  "total_latency_p99_ms": 9558.15981388092,
  "tpot_p50_ms": 18.32820315112412,
  "tpot_p95_ms": 18.70315561107561,
  "tpot_p99_ms": 18.721754250453547,
  "throughput_tok_per_sec": 5251.2247223278155,
  "gpu_utilization_mean": 98.97916666666666,
  "gpu_utilization_p50": 100.0,
  "engine": "sglang",
  "concurrency": 256,
  "wall_time_ms": 9582.146445289254,
  "model_id": "meta-llama/Llama-3.1-8B-Instruct",
  "model_short_name": "Llama-3.1-8B-Instruct",
  "repeats": 2,
  "throughput_tok_per_sec_mean": 5251.2247223278155,
  "throughput_tok_per_sec_std": 4.404973441503898,
  "ttft_p50_ms_mean": 1137.6425623893738,
  "ttft_p50_ms_std": 233.1753373146057,
  "ttft_p99_ms_mean": 4933.134318590164,
  "ttft_p99_ms_std": 13.841928243637085,
  "tpot_p50_ms_mean": 18.32820315112412,
  "tpot_p50_ms_std": 0.028531655291958558,
  "gpu_utilization_mean_mean": 98.97916666666666,
  "gpu_utilization_mean_std": 0.2708333333333357,
  "num_successful_mean": 200.0,
  "num_successful_std": 0.0,
  "runs": [
    {
      "num_requests": 200,
      "num_successful": 200,
      "num_failed": 0,
      "ttft_p50_ms": 1370.8178997039795,
      "ttft_p95_ms": 4945.783007144928,
      "ttft_p99_ms": 4946.976246833801,
      "total_latency_p50_ms": 5579.850196838379,
      "total_latency_p95_ms": 9556.768500804901,
      "total_latency_p99_ms": 9558.15981388092,
      "tpot_p50_ms": 18.356734806416082,
      "tpot_p95_ms": 18.70315561107561,
      "tpot_p99_ms": 18.721754250453547,
      "throughput_tok_per_sec": 5255.629695769319,
      "gpu_utilization_mean": 99.25,
      "gpu_utilization_p50": 100.0,
      "engine": "sglang",
      "concurrency": 256,
      "wall_time_ms": 9582.146445289254,
      "model_id": "meta-llama/Llama-3.1-8B-Instruct",
      "model_short_name": "Llama-3.1-8B-Instruct"
    },
    {
      "num_requests": 200,
      "num_successful": 200,
      "num_failed": 0,
      "ttft_p50_ms": 904.4672250747681,
      "ttft_p95_ms": 4919.163858890533,
      "ttft_p99_ms": 4919.292390346527,
      "total_latency_p50_ms": 5632.016897201538,
      "total_latency_p95_ms": 9536.015093326569,
      "total_latency_p99_ms": 9537.386884689331,
      "tpot_p50_ms": 18.299671495832165,
      "tpot_p95_ms": 18.628359342847173,
      "tpot_p99_ms": 18.65706365248736,
      "throughput_tok_per_sec": 5246.819748886312,
      "gpu_utilization_mean": 98.70833333333333,
      "gpu_utilization_p50": 100.0,
      "engine": "sglang",
      "concurrency": 256,
      "wall_time_ms": 9561.796803958714,
      "model_id": "meta-llama/Llama-3.1-8B-Instruct",
      "model_short_name": "Llama-3.1-8B-Instruct"
    }
  ]
}