{
  "num_requests": 200,
  "num_successful": 200,
  "num_failed": 0,
  "ttft_p50_ms": 33.79011154174805,
  "ttft_p95_ms": 34.54084396362305,
  "ttft_p99_ms": 35.11112689971924,
  "total_latency_p50_ms": 2918.8599586486816,
  "total_latency_p95_ms": 2952.871799468994,
  "total_latency_p99_ms": 2963.841760158539,
  "tpot_p50_ms": 11.342685272257656,
  "tpot_p95_ms": 11.46516363686464,
  "tpot_p99_ms": 11.59704704176728,
  "throughput_tok_per_sec": 684.5172085111166,
  "gpu_utilization_mean": 99.69902912621359,
  "gpu_utilization_p50": 100.0,
  "engine": "sglang",
  "concurrency": 8,
  "wall_time_ms": 72943.15546378493,
  "model_id": "meta-llama/Llama-3.1-8B-Instruct",
  "model_short_name": "Llama-3.1-8B-Instruct"
}