{
  "num_requests": 200,
  "num_successful": 200,
  "num_failed": 0,
  "ttft_p50_ms": 24.522900581359863,
  "ttft_p95_ms": 25.213134288787842,
  "ttft_p99_ms": 25.43931484222412,
  "total_latency_p50_ms": 2804.305076599121,
  "total_latency_p95_ms": 2807.057559490204,
  "total_latency_p99_ms": 2807.8177738189697,
  "tpot_p50_ms": 10.902941460702934,
  "tpot_p95_ms": 10.947373446333344,
  "tpot_p99_ms": 10.988364508285105,
  "throughput_tok_per_sec": 91.25671897237385,
  "gpu_utilization_mean": 99.86206896551724,
  "gpu_utilization_p50": 100.0,
  "engine": "sglang",
  "concurrency": 1,
  "wall_time_ms": 549656.1016077176,
  "model_id": "meta-llama/Llama-3.1-8B-Instruct",
  "model_short_name": "Llama-3.1-8B-Instruct"
}