{
  "num_requests": 200,
  "num_successful": 200,
  "num_failed": 0,
  "ttft_p50_ms": 1370.8178997039795,
  "ttft_p95_ms": 4945.783007144928,
  "ttft_p99_ms": 4946.976246833801,
  "total_latency_p50_ms": 5579.850196838379,
  "total_latency_p95_ms": 9556.768500804901,
  "total_latency_p99_ms": 9558.15981388092,
  "tpot_p50_ms": 18.356734806416082,
  "tpot_p95_ms": 18.70315561107561,
  "tpot_p99_ms": 18.721754250453547,
  "throughput_tok_per_sec": 5255.629695769319,
  "gpu_utilization_mean": 99.25,
  "gpu_utilization_p50": 100.0,
  "engine": "sglang",
  "concurrency": 256,
  "wall_time_ms": 9582.146445289254,
  "model_id": "meta-llama/Llama-3.1-8B-Instruct",
  "model_short_name": "Llama-3.1-8B-Instruct"
}