{
  "num_requests": 200,
  "num_successful": 200,
  "num_failed": 0,
  "ttft_p50_ms": 20815.01066684723,
  "ttft_p95_ms": 69288.36797475813,
  "ttft_p99_ms": 74016.33135080338,
  "total_latency_p50_ms": 73796.17309570312,
  "total_latency_p95_ms": 132027.9443025589,
  "total_latency_p99_ms": 132882.60862588882,
  "tpot_p50_ms": 119.85700746741752,
  "tpot_p95_ms": 134.62205975956178,
  "tpot_p99_ms": 142.89627378467475,
  "throughput_tok_per_sec": 728.2148444089642,
  "gpu_utilization_mean": 99.69108049311095,
  "gpu_utilization_p50": 100.0,
  "engine": "vllm",
  "concurrency": 128,
  "wall_time_ms": 140167.75422729552,
  "model_id": "meta-llama/Llama-3.1-8B-Instruct",
  "model_short_name": "Llama-3.1-8B-Instruct"
}