{
  "num_requests": 200,
  "num_successful": 200,
  "num_failed": 0,
  "ttft_p50_ms": 575.0141143798828,
  "ttft_p95_ms": 1953.105342388151,
  "ttft_p99_ms": 2599.155628681181,
  "total_latency_p50_ms": 10029.923558235168,
  "total_latency_p95_ms": 11876.505601406096,
  "total_latency_p99_ms": 12927.83447265625,
  "tpot_p50_ms": 18.286806263335762,
  "tpot_p95_ms": 21.53561550077585,
  "tpot_p99_ms": 23.380206718370168,
  "throughput_tok_per_sec": 405.84019909539353,
  "gpu_utilization_mean": 99.95074088906688,
  "gpu_utilization_p50": 100.0,
  "engine": "vllm",
  "concurrency": 8,
  "wall_time_ms": 252140.35611506552,
  "model_id": "meta-llama/Llama-3.1-8B-Instruct",
  "model_short_name": "Llama-3.1-8B-Instruct"
}