{
  "num_requests": 200,
  "num_successful": 200,
  "num_failed": 0,
  "ttft_p50_ms": 3773.5871076583862,
  "ttft_p95_ms": 16887.588572502133,
  "ttft_p99_ms": 20968.953807353973,
  "total_latency_p50_ms": 46291.98241233826,
  "total_latency_p95_ms": 57563.48502635955,
  "total_latency_p99_ms": 61624.12209272385,
  "tpot_p50_ms": 78.99360227491525,
  "tpot_p95_ms": 87.64438706134864,
  "tpot_p99_ms": 88.80778045337027,
  "throughput_tok_per_sec": 726.2674474984456,
  "gpu_utilization_mean": 99.8797153024911,
  "gpu_utilization_p50": 100.0,
  "engine": "vllm",
  "concurrency": 64,
  "wall_time_ms": 140777.92400866747,
  "model_id": "meta-llama/Llama-3.1-8B-Instruct",
  "model_short_name": "Llama-3.1-8B-Instruct"
}