{
  "num_requests": 200,
  "num_successful": 200.0,
  "num_failed": 0,
  "ttft_p50_ms": 1576.4586925506592,
  "ttft_p95_ms": 6576.903235912323,
  "ttft_p99_ms": 9873.105127811428,
  "total_latency_p50_ms": 25343.10817718506,
  "total_latency_p95_ms": 29329.658758640286,
  "total_latency_p99_ms": 31314.98915672302,
  "tpot_p50_ms": 44.94494188088494,
  "tpot_p95_ms": 50.97851914202397,
  "tpot_p99_ms": 52.32031986438132,
  "throughput_tok_per_sec": 639.4070747613357,
  "gpu_utilization_mean": 99.86599508837435,
  "gpu_utilization_p50": 100.0,
  "engine": "vllm",
  "concurrency": 32,
  "wall_time_ms": 161181.32483772933,
  "model_id": "meta-llama/Llama-3.1-8B-Instruct",
  "model_short_name": "Llama-3.1-8B-Instruct",
  "repeats": 2,
  "throughput_tok_per_sec_mean": 639.4070747613357,
  "throughput_tok_per_sec_std": 4.56924238367327,
  "ttft_p50_ms_mean": 1576.4586925506592,
  "ttft_p50_ms_std": 27.191996574401855,
  "ttft_p99_ms_mean": 9873.105127811428,
  "ttft_p99_ms_std": 46.063497066498705,
  "tpot_p50_ms_mean": 44.94494188088494,
  "tpot_p50_ms_std": 0.6000694696683944,
  "gpu_utilization_mean_mean": 99.86599508837435,
  "gpu_utilization_mean_std": 0.035746205157998645,
  "num_successful_mean": 200.0,
  "num_successful_std": 0.0,
  "runs": [
    {
      "num_requests": 200,
      "num_successful": 200,
      "num_failed": 0,
      "ttft_p50_ms": 1549.2666959762573,
      "ttft_p95_ms": 6576.903235912323,
      "ttft_p99_ms": 9827.04163074493,
      "total_latency_p50_ms": 25343.10817718506,
      "total_latency_p95_ms": 29329.658758640286,
      "total_latency_p99_ms": 31314.98915672302,
      "tpot_p50_ms": 45.54501135055333,
      "tpot_p95_ms": 50.97851914202397,
      "tpot_p99_ms": 52.32031986438132,
      "throughput_tok_per_sec": 634.8378323776624,
      "gpu_utilization_mean": 99.90174129353234,
      "gpu_utilization_p50": 100.0,
      "engine": "vllm",
      "concurrency": 32,
      "wall_time_ms": 161181.32483772933,
      "model_id": "meta-llama/Llama-3.1-8B-Instruct",
      "model_short_name": "Llama-3.1-8B-Instruct"
    },
    {
      "num_requests": 200,
      "num_successful": 200,
      "num_failed": 0,
      "ttft_p50_ms": 1603.650689125061,
      "ttft_p95_ms": 7218.6890959739685,
      "ttft_p99_ms": 9919.168624877928,
      "total_latency_p50_ms": 24897.443175315857,
      "total_latency_p95_ms": 29088.13557624817,
      "total_latency_p99_ms": 30952.038831710815,
      "tpot_p50_ms": 44.34487241121654,
      "tpot_p95_ms": 50.51746529375736,
      "tpot_p99_ms": 51.439649363553215,
      "throughput_tok_per_sec": 643.9763171450089,
      "gpu_utilization_mean": 99.83024888321634,
      "gpu_utilization_p50": 100.0,
      "engine": "vllm",
      "concurrency": 32,
      "wall_time_ms": 158795.7495879382,
      "model_id": "meta-llama/Llama-3.1-8B-Instruct",
      "model_short_name": "Llama-3.1-8B-Instruct"
    }
  ]
}