{
  "num_requests": 200,
  "num_successful": 200.0,
  "num_failed": 0,
  "ttft_p50_ms": 21045.790016651154,
  "ttft_p95_ms": 70495.8380460739,
  "ttft_p99_ms": 74577.34402179718,
  "total_latency_p50_ms": 74115.02659320831,
  "total_latency_p95_ms": 132935.8072757721,
  "total_latency_p99_ms": 133780.6437754631,
  "tpot_p50_ms": 119.31531604457143,
  "tpot_p95_ms": 133.52911551637894,
  "tpot_p99_ms": 151.63566823933343,
  "throughput_tok_per_sec": 726.3013697961376,
  "gpu_utilization_mean": 99.79227320110093,
  "gpu_utilization_p50": 100.0,
  "engine": "vllm",
  "concurrency": 128,
  "wall_time_ms": 141184.02161821723,
  "model_id": "meta-llama/Llama-3.1-8B-Instruct",
  "model_short_name": "Llama-3.1-8B-Instruct",
  "repeats": 2,
  "throughput_tok_per_sec_mean": 726.3013697961376,
  "throughput_tok_per_sec_std": 1.9134746128265192,
  "ttft_p50_ms_mean": 21045.790016651154,
  "ttft_p50_ms_std": 230.77934980392456,
  "ttft_p99_ms_mean": 74577.34402179718,
  "ttft_p99_ms_std": 561.0126709938049,
  "tpot_p50_ms_mean": 119.31531604457143,
  "tpot_p50_ms_std": 0.5416914228460783,
  "gpu_utilization_mean_mean": 99.79227320110093,
  "gpu_utilization_mean_std": 0.10119270798998059,
  "num_successful_mean": 200.0,
  "num_successful_std": 0.0,
  "runs": [
    {
      "num_requests": 200,
      "num_successful": 200,
      "num_failed": 0,
      "ttft_p50_ms": 21276.569366455078,
      "ttft_p95_ms": 70495.8380460739,
      "ttft_p99_ms": 75138.35669279099,
      "total_latency_p50_ms": 74115.02659320831,
      "total_latency_p95_ms": 132935.8072757721,
      "total_latency_p99_ms": 133780.6437754631,
      "tpot_p50_ms": 118.77362462172536,
      "tpot_p95_ms": 133.52911551637894,
      "tpot_p99_ms": 151.63566823933343,
      "throughput_tok_per_sec": 724.3878951833111,
      "gpu_utilization_mean": 99.8934659090909,
      "gpu_utilization_p50": 100.0,
      "engine": "vllm",
      "concurrency": 128,
      "wall_time_ms": 141184.02161821723,
      "model_id": "meta-llama/Llama-3.1-8B-Instruct",
      "model_short_name": "Llama-3.1-8B-Instruct"
    },
    {
      "num_requests": 200,
      "num_successful": 200,
      "num_failed": 0,
      "ttft_p50_ms": 20815.01066684723,
      "ttft_p95_ms": 69288.36797475813,
      "ttft_p99_ms": 74016.33135080338,
      "total_latency_p50_ms": 73796.17309570312,
      "total_latency_p95_ms": 132027.9443025589,
      "total_latency_p99_ms": 132882.60862588882,
      "tpot_p50_ms": 119.85700746741752,
      "tpot_p95_ms": 134.62205975956178,
      "tpot_p99_ms": 142.89627378467475,
      "throughput_tok_per_sec": 728.2148444089642,
      "gpu_utilization_mean": 99.69108049311095,
      "gpu_utilization_p50": 100.0,
      "engine": "vllm",
      "concurrency": 128,
      "wall_time_ms": 140167.75422729552,
      "model_id": "meta-llama/Llama-3.1-8B-Instruct",
      "model_short_name": "Llama-3.1-8B-Instruct"
    }
  ]
}