{
  "num_requests": 200,
  "num_successful": 200,
  "num_failed": 0,
  "ttft_p50_ms": 3316.5347576141357,
  "ttft_p95_ms": 16810.90712547302,
  "ttft_p99_ms": 20900.51001548767,
  "total_latency_p50_ms": 46014.26923274994,
  "total_latency_p95_ms": 57894.00519132614,
  "total_latency_p99_ms": 61988.91179561615,
  "tpot_p50_ms": 79.61287237193486,
  "tpot_p95_ms": 87.7915679825262,
  "tpot_p99_ms": 89.18365820513311,
  "throughput_tok_per_sec": 726.8859764364286,
  "gpu_utilization_mean": 99.8759800427655,
  "gpu_utilization_p50": 100.0,
  "engine": "vllm",
  "concurrency": 64,
  "wall_time_ms": 140631.80127274245,
  "model_id": "meta-llama/Llama-3.1-8B-Instruct",
  "model_short_name": "Llama-3.1-8B-Instruct"
}