{
  "num_requests": 200,
  "num_successful": 200.0,
  "num_failed": 0,
  "ttft_p50_ms": 233.8552474975586,
  "ttft_p95_ms": 1067.0661211013794,
  "ttft_p99_ms": 1079.9445629119873,
  "total_latency_p50_ms": 6042.460680007935,
  "total_latency_p95_ms": 7258.846127986908,
  "total_latency_p99_ms": 7270.9043645858765,
  "tpot_p50_ms": 11.36528045930508,
  "tpot_p95_ms": 12.119112509337423,
  "tpot_p99_ms": 12.127564298663353,
  "throughput_tok_per_sec": 82.9720157054462,
  "gpu_utilization_mean": 99.41949636980482,
  "gpu_utilization_p50": 100.0,
  "engine": "vllm",
  "concurrency": 1,
  "wall_time_ms": 1232278.0755804852,
  "model_id": "meta-llama/Llama-3.1-8B-Instruct",
  "model_short_name": "Llama-3.1-8B-Instruct",
  "repeats": 2,
  "throughput_tok_per_sec_mean": 82.9720157054462,
  "throughput_tok_per_sec_std": 0.0055574330307592845,
  "ttft_p50_ms_mean": 233.8552474975586,
  "ttft_p50_ms_std": 0.5435943603515625,
  "ttft_p99_ms_mean": 1079.9445629119873,
  "ttft_p99_ms_std": 2.7078771591186523,
  "tpot_p50_ms_mean": 11.36528045930508,
  "tpot_p50_ms_std": 8.211677088443281e-05,
  "gpu_utilization_mean_mean": 99.41949636980482,
  "gpu_utilization_mean_std": 0.00028097138706328906,
  "num_successful_mean": 200.0,
  "num_successful_std": 0.0,
  "runs": [
    {
      "num_requests": 200,
      "num_successful": 200,
      "num_failed": 0,
      "ttft_p50_ms": 234.39884185791016,
      "ttft_p95_ms": 1067.0661211013794,
      "ttft_p99_ms": 1082.652440071106,
      "total_latency_p50_ms": 6042.460680007935,
      "total_latency_p95_ms": 7258.846127986908,
      "total_latency_p99_ms": 7270.9043645858765,
      "tpot_p50_ms": 11.365198342534194,
      "tpot_p95_ms": 12.119112509337423,
      "tpot_p99_ms": 12.127564298663353,
      "throughput_tok_per_sec": 82.97757313847696,
      "gpu_utilization_mean": 99.41921539841775,
      "gpu_utilization_p50": 100.0,
      "engine": "vllm",
      "concurrency": 1,
      "wall_time_ms": 1232278.0755804852,
      "model_id": "meta-llama/Llama-3.1-8B-Instruct",
      "model_short_name": "Llama-3.1-8B-Instruct"
    },
    {
      "num_requests": 200,
      "num_successful": 200,
      "num_failed": 0,
      "ttft_p50_ms": 233.31165313720703,
      "ttft_p95_ms": 1072.8402972221375,
      "ttft_p99_ms": 1077.2366857528687,
      "total_latency_p50_ms": 6040.696501731873,
      "total_latency_p95_ms": 7265.072083473206,
      "total_latency_p99_ms": 7268.808915615082,
      "tpot_p50_ms": 11.365362576075963,
      "tpot_p95_ms": 12.121234014776121,
      "tpot_p99_ms": 12.129708552400354,
      "throughput_tok_per_sec": 82.96645827241544,
      "gpu_utilization_mean": 99.41977734119187,
      "gpu_utilization_p50": 100.0,
      "engine": "vllm",
      "concurrency": 1,
      "wall_time_ms": 1228275.6154378876,
      "model_id": "meta-llama/Llama-3.1-8B-Instruct",
      "model_short_name": "Llama-3.1-8B-Instruct"
    }
  ]
}