{
  "num_requests": 200,
  "num_successful": 200.0,
  "num_failed": 0,
  "ttft_p50_ms": 50531.5505862236,
  "ttft_p95_ms": 108174.0842461586,
  "ttft_p99_ms": 115373.02854180333,
  "total_latency_p50_ms": 123825.12962818146,
  "total_latency_p95_ms": 137877.92944908142,
  "total_latency_p99_ms": 139580.36212205887,
  "tpot_p50_ms": 118.60671307009494,
  "tpot_p95_ms": 134.37015560041903,
  "tpot_p99_ms": 145.14774376165605,
  "throughput_tok_per_sec": 723.1331163643774,
  "gpu_utilization_mean": 99.85683912119065,
  "gpu_utilization_p50": 100.0,
  "engine": "vllm",
  "concurrency": 256,
  "wall_time_ms": 141394.58736218512,
  "model_id": "meta-llama/Llama-3.1-8B-Instruct",
  "model_short_name": "Llama-3.1-8B-Instruct",
  "repeats": 2,
  "throughput_tok_per_sec_mean": 723.1331163643774,
  "throughput_tok_per_sec_std": 0.3967937371775747,
  "ttft_p50_ms_mean": 50531.5505862236,
  "ttft_p50_ms_std": 151.49754285812378,
  "ttft_p99_ms_mean": 115373.02854180333,
  "ttft_p99_ms_std": 1264.9171769619134,
  "tpot_p50_ms_mean": 118.60671307009494,
  "tpot_p50_ms_std": 0.05792020118399677,
  "gpu_utilization_mean_mean": 99.85683912119065,
  "gpu_utilization_mean_std": 0.052445074415302884,
  "num_successful_mean": 200.0,
  "num_successful_std": 0.0,
  "runs": [
    {
      "num_requests": 200,
      "num_successful": 200,
      "num_failed": 0,
      "ttft_p50_ms": 50683.048129081726,
      "ttft_p95_ms": 108174.0842461586,
      "ttft_p99_ms": 114108.11136484142,
      "total_latency_p50_ms": 123825.12962818146,
      "total_latency_p95_ms": 137877.92944908142,
      "total_latency_p99_ms": 139580.36212205887,
      "tpot_p50_ms": 118.66463327127893,
      "tpot_p95_ms": 134.37015560041903,
      "tpot_p99_ms": 145.14774376165605,
      "throughput_tok_per_sec": 722.7363226271999,
      "gpu_utilization_mean": 99.90928419560595,
      "gpu_utilization_p50": 100.0,
      "engine": "vllm",
      "concurrency": 256,
      "wall_time_ms": 141394.58736218512,
      "model_id": "meta-llama/Llama-3.1-8B-Instruct",
      "model_short_name": "Llama-3.1-8B-Instruct"
    },
    {
      "num_requests": 200,
      "num_successful": 200,
      "num_failed": 0,
      "ttft_p50_ms": 50380.05304336548,
      "ttft_p95_ms": 108162.0599269867,
      "ttft_p99_ms": 116637.94571876524,
      "total_latency_p50_ms": 124379.77159023285,
      "total_latency_p95_ms": 137804.81063127518,
      "total_latency_p99_ms": 140258.37796211243,
      "tpot_p50_ms": 118.54879286891094,
      "tpot_p95_ms": 133.98472089356872,
      "tpot_p99_ms": 148.80114016001005,
      "throughput_tok_per_sec": 723.5299101015551,
      "gpu_utilization_mean": 99.80439404677534,
      "gpu_utilization_p50": 100.0,
      "engine": "vllm",
      "concurrency": 256,
      "wall_time_ms": 141318.84096749127,
      "model_id": "meta-llama/Llama-3.1-8B-Instruct",
      "model_short_name": "Llama-3.1-8B-Instruct"
    }
  ]
}