{
  "num_requests": 200,
  "num_successful": 200,
  "num_failed": 0,
  "ttft_p50_ms": 1603.650689125061,
  "ttft_p95_ms": 7218.6890959739685,
  "ttft_p99_ms": 9919.168624877928,
  "total_latency_p50_ms": 24897.443175315857,
  "total_latency_p95_ms": 29088.13557624817,
  "total_latency_p99_ms": 30952.038831710815,
  "tpot_p50_ms": 44.34487241121654,
  "tpot_p95_ms": 50.51746529375736,
  "tpot_p99_ms": 51.439649363553215,
  "throughput_tok_per_sec": 643.9763171450089,
  "gpu_utilization_mean": 99.83024888321634,
  "gpu_utilization_p50": 100.0,
  "engine": "vllm",
  "concurrency": 32,
  "wall_time_ms": 158795.7495879382,
  "model_id": "meta-llama/Llama-3.1-8B-Instruct",
  "model_short_name": "Llama-3.1-8B-Instruct"
}