{
  "num_requests": 200,
  "num_successful": 200,
  "num_failed": 0,
  "ttft_p50_ms": 1549.2666959762573,
  "ttft_p95_ms": 6576.903235912323,
  "ttft_p99_ms": 9827.04163074493,
  "total_latency_p50_ms": 25343.10817718506,
  "total_latency_p95_ms": 29329.658758640286,
  "total_latency_p99_ms": 31314.98915672302,
  "tpot_p50_ms": 45.54501135055333,
  "tpot_p95_ms": 50.97851914202397,
  "tpot_p99_ms": 52.32031986438132,
  "throughput_tok_per_sec": 634.8378323776624,
  "gpu_utilization_mean": 99.90174129353234,
  "gpu_utilization_p50": 100.0,
  "engine": "vllm",
  "concurrency": 32,
  "wall_time_ms": 161181.32483772933,
  "model_id": "meta-llama/Llama-3.1-8B-Instruct",
  "model_short_name": "Llama-3.1-8B-Instruct"
}