{
  "num_requests": 200,
  "num_successful": 200.0,
  "num_failed": 0,
  "ttft_p50_ms": 3545.060932636261,
  "ttft_p95_ms": 16887.588572502133,
  "ttft_p99_ms": 20934.731911420822,
  "total_latency_p50_ms": 46291.98241233826,
  "total_latency_p95_ms": 57563.48502635955,
  "total_latency_p99_ms": 61624.12209272385,
  "tpot_p50_ms": 79.30323732342505,
  "tpot_p95_ms": 87.64438706134864,
  "tpot_p99_ms": 88.80778045337027,
  "throughput_tok_per_sec": 726.5767119674371,
  "gpu_utilization_mean": 99.8778476726283,
  "gpu_utilization_p50": 100.0,
  "engine": "vllm",
  "concurrency": 64,
  "wall_time_ms": 140777.92400866747,
  "model_id": "meta-llama/Llama-3.1-8B-Instruct",
  "model_short_name": "Llama-3.1-8B-Instruct",
  "repeats": 2,
  "throughput_tok_per_sec_mean": 726.5767119674371,
  "throughput_tok_per_sec_std": 0.3092644689915005,
  "ttft_p50_ms_mean": 3545.060932636261,
  "ttft_p50_ms_std": 228.52617502212524,
  "ttft_p99_ms_mean": 20934.731911420822,
  "ttft_p99_ms_std": 34.221895933151245,
  "tpot_p50_ms_mean": 79.30323732342505,
  "tpot_p50_ms_std": 0.3096350485098043,
  "gpu_utilization_mean_mean": 99.8778476726283,
  "gpu_utilization_mean_std": 0.001867629862800868,
  "num_successful_mean": 200.0,
  "num_successful_std": 0.0,
  "runs": [
    {
      "num_requests": 200,
      "num_successful": 200,
      "num_failed": 0,
      "ttft_p50_ms": 3773.5871076583862,
      "ttft_p95_ms": 16887.588572502133,
      "ttft_p99_ms": 20968.953807353973,
      "total_latency_p50_ms": 46291.98241233826,
      "total_latency_p95_ms": 57563.48502635955,
      "total_latency_p99_ms": 61624.12209272385,
      "tpot_p50_ms": 78.99360227491525,
      "tpot_p95_ms": 87.64438706134864,
      "tpot_p99_ms": 88.80778045337027,
      "throughput_tok_per_sec": 726.2674474984456,
      "gpu_utilization_mean": 99.8797153024911,
      "gpu_utilization_p50": 100.0,
      "engine": "vllm",
      "concurrency": 64,
      "wall_time_ms": 140777.92400866747,
      "model_id": "meta-llama/Llama-3.1-8B-Instruct",
      "model_short_name": "Llama-3.1-8B-Instruct"
    },
    {
      "num_requests": 200,
      "num_successful": 200,
      "num_failed": 0,
      "ttft_p50_ms": 3316.5347576141357,
      "ttft_p95_ms": 16810.90712547302,
      "ttft_p99_ms": 20900.51001548767,
      "total_latency_p50_ms": 46014.26923274994,
      "total_latency_p95_ms": 57894.00519132614,
      "total_latency_p99_ms": 61988.91179561615,
      "tpot_p50_ms": 79.61287237193486,
      "tpot_p95_ms": 87.7915679825262,
      "tpot_p99_ms": 89.18365820513311,
      "throughput_tok_per_sec": 726.8859764364286,
      "gpu_utilization_mean": 99.8759800427655,
      "gpu_utilization_p50": 100.0,
      "engine": "vllm",
      "concurrency": 64,
      "wall_time_ms": 140631.80127274245,
      "model_id": "meta-llama/Llama-3.1-8B-Instruct",
      "model_short_name": "Llama-3.1-8B-Instruct"
    }
  ]
}