{
  "num_requests": 200,
  "num_successful": 200,
  "num_failed": 0,
  "ttft_p50_ms": 50380.05304336548,
  "ttft_p95_ms": 108162.0599269867,
  "ttft_p99_ms": 116637.94571876524,
  "total_latency_p50_ms": 124379.77159023285,
  "total_latency_p95_ms": 137804.81063127518,
  "total_latency_p99_ms": 140258.37796211243,
  "tpot_p50_ms": 118.54879286891094,
  "tpot_p95_ms": 133.98472089356872,
  "tpot_p99_ms": 148.80114016001005,
  "throughput_tok_per_sec": 723.5299101015551,
  "gpu_utilization_mean": 99.80439404677534,
  "gpu_utilization_p50": 100.0,
  "engine": "vllm",
  "concurrency": 256,
  "wall_time_ms": 141318.84096749127,
  "model_id": "meta-llama/Llama-3.1-8B-Instruct",
  "model_short_name": "Llama-3.1-8B-Instruct"
}