{
  "num_requests": 200,
  "num_successful": 200.0,
  "num_failed": 0,
  "ttft_p50_ms": 462.2780680656433,
  "ttft_p95_ms": 1953.105342388151,
  "ttft_p99_ms": 2653.599673509597,
  "total_latency_p50_ms": 10029.923558235168,
  "total_latency_p95_ms": 11876.505601406096,
  "total_latency_p99_ms": 12927.83447265625,
  "tpot_p50_ms": 18.271373326064555,
  "tpot_p95_ms": 21.53561550077585,
  "tpot_p99_ms": 23.380206718370168,
  "throughput_tok_per_sec": 405.93068176309157,
  "gpu_utilization_mean": 99.94667375262432,
  "gpu_utilization_p50": 100.0,
  "engine": "vllm",
  "concurrency": 8,
  "wall_time_ms": 252140.35611506552,
  "model_id": "meta-llama/Llama-3.1-8B-Instruct",
  "model_short_name": "Llama-3.1-8B-Instruct",
  "repeats": 2,
  "throughput_tok_per_sec_mean": 405.93068176309157,
  "throughput_tok_per_sec_std": 0.09048266769806901,
  "ttft_p50_ms_mean": 462.2780680656433,
  "ttft_p50_ms_std": 112.7360463142395,
  "ttft_p99_ms_mean": 2653.599673509597,
  "ttft_p99_ms_std": 54.44404482841583,
  "tpot_p50_ms_mean": 18.271373326064555,
  "tpot_p50_ms_std": 0.015432937271206981,
  "gpu_utilization_mean_mean": 99.94667375262432,
  "gpu_utilization_mean_std": 0.004067136442564845,
  "num_successful_mean": 200.0,
  "num_successful_std": 0.0,
  "runs": [
    {
      "num_requests": 200,
      "num_successful": 200,
      "num_failed": 0,
      "ttft_p50_ms": 575.0141143798828,
      "ttft_p95_ms": 1953.105342388151,
      "ttft_p99_ms": 2599.155628681181,
      "total_latency_p50_ms": 10029.923558235168,
      "total_latency_p95_ms": 11876.505601406096,
      "total_latency_p99_ms": 12927.83447265625,
      "tpot_p50_ms": 18.286806263335762,
      "tpot_p95_ms": 21.53561550077585,
      "tpot_p99_ms": 23.380206718370168,
      "throughput_tok_per_sec": 405.84019909539353,
      "gpu_utilization_mean": 99.95074088906688,
      "gpu_utilization_p50": 100.0,
      "engine": "vllm",
      "concurrency": 8,
      "wall_time_ms": 252140.35611506552,
      "model_id": "meta-llama/Llama-3.1-8B-Instruct",
      "model_short_name": "Llama-3.1-8B-Instruct"
    },
    {
      "num_requests": 200,
      "num_successful": 200,
      "num_failed": 0,
      "ttft_p50_ms": 349.5420217514038,
      "ttft_p95_ms": 1937.240684032436,
      "ttft_p99_ms": 2708.0437183380127,
      "total_latency_p50_ms": 10038.76280784607,
      "total_latency_p95_ms": 12050.698745250702,
      "total_latency_p99_ms": 12932.359604835508,
      "tpot_p50_ms": 18.25594038879335,
      "tpot_p95_ms": 22.050110771231452,
      "tpot_p99_ms": 23.63858956413493,
      "throughput_tok_per_sec": 406.02116443078967,
      "gpu_utilization_mean": 99.94260661618175,
      "gpu_utilization_p50": 100.0,
      "engine": "vllm",
      "concurrency": 8,
      "wall_time_ms": 251368.41205321252,
      "model_id": "meta-llama/Llama-3.1-8B-Instruct",
      "model_short_name": "Llama-3.1-8B-Instruct"
    }
  ]
}