{
  "num_requests": 200,
  "num_successful": 200,
  "num_failed": 0,
  "ttft_p50_ms": 1353.0632257461548,
  "ttft_p95_ms": 2587.6423239707947,
  "ttft_p99_ms": 2588.4114956855774,
  "total_latency_p50_ms": 3565.7052993774414,
  "total_latency_p95_ms": 4816.229295730591,
  "total_latency_p99_ms": 4820.3730726242065,
  "tpot_p50_ms": 8.773881183171945,
  "tpot_p95_ms": 8.908971664952297,
  "tpot_p99_ms": 8.927086138257792,
  "throughput_tok_per_sec": 10595.882722988657,
  "gpu_utilization_mean": 96.16666666666667,
  "gpu_utilization_p50": 100.0,
  "concurrency": 256,
  "wall_time_ms": 4849.700844381005,
  "model_id": "meta-llama/Llama-3.1-8B-Instruct",
  "model_short_name": "Llama-3.1-8B-Instruct"
}