{
  "num_requests": 200,
  "num_successful": 200,
  "num_failed": 0,
  "ttft_p50_ms": 38.05899620056152,
  "ttft_p95_ms": 53.78322601318359,
  "ttft_p99_ms": 65.78020095825195,
  "total_latency_p50_ms": 1747.5354671478271,
  "total_latency_p95_ms": 1769.6839570999146,
  "total_latency_p99_ms": 1772.2367358207703,
  "tpot_p50_ms": 6.696668325685987,
  "tpot_p95_ms": 6.746734170352711,
  "tpot_p99_ms": 6.752748339783912,
  "throughput_tok_per_sec": 1170.031400939797,
  "gpu_utilization_mean": 99.29061784897026,
  "gpu_utilization_p50": 100.0,
  "concurrency": 8,
  "wall_time_ms": 43790.76708899811,
  "model_id": "meta-llama/Llama-3.1-8B-Instruct",
  "model_short_name": "Llama-3.1-8B-Instruct"
}