{
  "num_requests": 200,
  "num_successful": 200.0,
  "num_failed": 0,
  "ttft_p50_ms": 28.530418872833252,
  "ttft_p95_ms": 33.192574977874756,
  "ttft_p99_ms": 36.38766884803719,
  "total_latency_p50_ms": 1714.1759395599365,
  "total_latency_p95_ms": 1720.4798698425293,
  "total_latency_p99_ms": 1728.5137796401966,
  "tpot_p50_ms": 6.551205410676844,
  "tpot_p95_ms": 6.624016341041116,
  "tpot_p99_ms": 6.627128460827995,
  "throughput_tok_per_sec": 149.90526770572703,
  "gpu_utilization_mean": 98.11389120267653,
  "gpu_utilization_p50": 100.0,
  "concurrency": 1,
  "wall_time_ms": 346450.17391676083,
  "model_id": "meta-llama/Llama-3.1-8B-Instruct",
  "model_short_name": "Llama-3.1-8B-Instruct",
  "repeats": 2,
  "throughput_tok_per_sec_mean": 149.90526770572703,
  "throughput_tok_per_sec_std": 2.098912153909822,
  "ttft_p50_ms_mean": 28.530418872833252,
  "ttft_p50_ms_std": 0.24181604385375977,
  "ttft_p99_ms_mean": 36.38766884803719,
  "ttft_p99_ms_std": 2.9665887355799185,
  "tpot_p50_ms_mean": 6.551205410676844,
  "tpot_p50_ms_std": 0.057194279689414707,
  "gpu_utilization_mean_mean": 98.11389120267653,
  "gpu_utilization_mean_std": 0.6536474417943481,
  "num_successful_mean": 200.0,
  "num_successful_std": 0.0,
  "runs": [
    {
      "num_requests": 200,
      "num_successful": 200,
      "num_failed": 0,
      "ttft_p50_ms": 28.77223491668701,
      "ttft_p95_ms": 33.192574977874756,
      "ttft_p99_ms": 39.354257583617105,
      "total_latency_p50_ms": 1714.1759395599365,
      "total_latency_p95_ms": 1720.4798698425293,
      "total_latency_p99_ms": 1728.5137796401966,
      "tpot_p50_ms": 6.608399690366259,
      "tpot_p95_ms": 6.624016341041116,
      "tpot_p99_ms": 6.627128460827995,
      "throughput_tok_per_sec": 147.8063555518172,
      "gpu_utilization_mean": 97.46024376088218,
      "gpu_utilization_p50": 100.0,
      "concurrency": 1,
      "wall_time_ms": 346450.17391676083,
      "model_id": "meta-llama/Llama-3.1-8B-Instruct",
      "model_short_name": "Llama-3.1-8B-Instruct"
    },
    {
      "num_requests": 200,
      "num_successful": 200,
      "num_failed": 0,
      "ttft_p50_ms": 28.288602828979492,
      "ttft_p95_ms": 30.476069450378414,
      "ttft_p99_ms": 33.42108011245727,
      "total_latency_p50_ms": 1683.5496425628662,
      "total_latency_p95_ms": 1687.2721552848816,
      "total_latency_p99_ms": 1692.9971146583557,
      "tpot_p50_ms": 6.494011130987429,
      "tpot_p95_ms": 6.507958197126201,
      "tpot_p99_ms": 6.52276668361589,
      "throughput_tok_per_sec": 152.00417985963685,
      "gpu_utilization_mean": 98.76753864447087,
      "gpu_utilization_p50": 100.0,
      "concurrency": 1,
      "wall_time_ms": 336863.4361079894,
      "model_id": "meta-llama/Llama-3.1-8B-Instruct",
      "model_short_name": "Llama-3.1-8B-Instruct"
    }
  ]
}