{
  "num_requests": 200,
  "num_successful": 200,
  "num_failed": 0,
  "ttft_p50_ms": 206.12680912017822,
  "ttft_p95_ms": 2689.6892070770264,
  "ttft_p99_ms": 2691.1046171188354,
  "total_latency_p50_ms": 2552.4948835372925,
  "total_latency_p95_ms": 4734.807920455933,
  "total_latency_p99_ms": 4738.84176492691,
  "tpot_p50_ms": 8.822632770912321,
  "tpot_p95_ms": 9.713327557432885,
  "tpot_p99_ms": 9.726889507443296,
  "throughput_tok_per_sec": 10091.972870675481,
  "gpu_utilization_mean": 95.83673469387755,
  "gpu_utilization_p50": 100.0,
  "concurrency": 128,
  "wall_time_ms": 5078.278650995344,
  "model_id": "meta-llama/Llama-3.1-8B-Instruct",
  "model_short_name": "Llama-3.1-8B-Instruct"
}