{
  "num_requests": 200,
  "num_successful": 200.0,
  "num_failed": 0,
  "ttft_p50_ms": 184.8488450050354,
  "ttft_p95_ms": 2689.6892070770264,
  "ttft_p99_ms": 2620.416078567505,
  "total_latency_p50_ms": 2552.4948835372925,
  "total_latency_p95_ms": 4734.807920455933,
  "total_latency_p99_ms": 4738.84176492691,
  "tpot_p50_ms": 8.813879069160013,
  "tpot_p95_ms": 9.713327557432885,
  "tpot_p99_ms": 9.726889507443296,
  "throughput_tok_per_sec": 10340.523782034044,
  "gpu_utilization_mean": 95.16326530612244,
  "gpu_utilization_p50": 100.0,
  "concurrency": 128,
  "wall_time_ms": 5078.278650995344,
  "model_id": "meta-llama/Llama-3.1-8B-Instruct",
  "model_short_name": "Llama-3.1-8B-Instruct",
  "repeats": 2,
  "throughput_tok_per_sec_mean": 10340.523782034044,
  "throughput_tok_per_sec_std": 248.5509113585631,
  "ttft_p50_ms_mean": 184.8488450050354,
  "ttft_p50_ms_std": 21.277964115142822,
  "ttft_p99_ms_mean": 2620.416078567505,
  "ttft_p99_ms_std": 70.68853855133057,
  "tpot_p50_ms_mean": 8.813879069160013,
  "tpot_p50_ms_std": 0.008753701752308274,
  "gpu_utilization_mean_mean": 95.16326530612244,
  "gpu_utilization_mean_std": 0.6734693877550981,
  "num_successful_mean": 200.0,
  "num_successful_std": 0.0,
  "runs": [
    {
      "num_requests": 200,
      "num_successful": 200,
      "num_failed": 0,
      "ttft_p50_ms": 206.12680912017822,
      "ttft_p95_ms": 2689.6892070770264,
      "ttft_p99_ms": 2691.1046171188354,
      "total_latency_p50_ms": 2552.4948835372925,
      "total_latency_p95_ms": 4734.807920455933,
      "total_latency_p99_ms": 4738.84176492691,
      "tpot_p50_ms": 8.822632770912321,
      "tpot_p95_ms": 9.713327557432885,
      "tpot_p99_ms": 9.726889507443296,
      "throughput_tok_per_sec": 10091.972870675481,
      "gpu_utilization_mean": 95.83673469387755,
      "gpu_utilization_p50": 100.0,
      "concurrency": 128,
      "wall_time_ms": 5078.278650995344,
      "model_id": "meta-llama/Llama-3.1-8B-Instruct",
      "model_short_name": "Llama-3.1-8B-Instruct"
    },
    {
      "num_requests": 200,
      "num_successful": 200,
      "num_failed": 0,
      "ttft_p50_ms": 163.57088088989258,
      "ttft_p95_ms": 2549.593186378479,
      "ttft_p99_ms": 2549.7275400161743,
      "total_latency_p50_ms": 2429.2486906051636,
      "total_latency_p95_ms": 4793.518948554993,
      "total_latency_p99_ms": 4795.332057476044,
      "tpot_p50_ms": 8.805125367407705,
      "tpot_p95_ms": 8.938997212578268,
      "tpot_p99_ms": 8.961561315199909,
      "throughput_tok_per_sec": 10589.074693392608,
      "gpu_utilization_mean": 94.48979591836735,
      "gpu_utilization_p50": 100.0,
      "concurrency": 128,
      "wall_time_ms": 4849.741728976369,
      "model_id": "meta-llama/Llama-3.1-8B-Instruct",
      "model_short_name": "Llama-3.1-8B-Instruct"
    }
  ]
}