{
  "num_requests": 200,
  "num_successful": 200,
  "num_failed": 0,
  "ttft_p50_ms": 163.57088088989258,
  "ttft_p95_ms": 2549.593186378479,
  "ttft_p99_ms": 2549.7275400161743,
  "total_latency_p50_ms": 2429.2486906051636,
  "total_latency_p95_ms": 4793.518948554993,
  "total_latency_p99_ms": 4795.332057476044,
  "tpot_p50_ms": 8.805125367407705,
  "tpot_p95_ms": 8.938997212578268,
  "tpot_p99_ms": 8.961561315199909,
  "throughput_tok_per_sec": 10589.074693392608,
  "gpu_utilization_mean": 94.48979591836735,
  "gpu_utilization_p50": 100.0,
  "concurrency": 128,
  "wall_time_ms": 4849.741728976369,
  "model_id": "meta-llama/Llama-3.1-8B-Instruct",
  "model_short_name": "Llama-3.1-8B-Instruct"
}