{
  "num_requests": 200,
  "num_successful": 200,
  "num_failed": 0,
  "ttft_p50_ms": 37.22047805786133,
  "ttft_p95_ms": 51.42549276351927,
  "ttft_p99_ms": 2279.343340396881,
  "total_latency_p50_ms": 1747.2748756408691,
  "total_latency_p95_ms": 1760.8892917633057,
  "total_latency_p99_ms": 3989.3976855278015,
  "tpot_p50_ms": 6.703753097384584,
  "tpot_p95_ms": 6.729645542069978,
  "tpot_p99_ms": 6.739612224055271,
  "throughput_tok_per_sec": 1113.2128737115825,
  "gpu_utilization_mean": 94.48695652173913,
  "gpu_utilization_p50": 100.0,
  "concurrency": 8,
  "wall_time_ms": 46031.905237585306,
  "model_id": "meta-llama/Llama-3.1-8B-Instruct",
  "model_short_name": "Llama-3.1-8B-Instruct"
}