{
  "num_requests": 200,
  "num_successful": 200,
  "num_failed": 0,
  "ttft_p50_ms": 1233.7257862091064,
  "ttft_p95_ms": 2622.2607254981995,
  "ttft_p99_ms": 2631.215651035309,
  "total_latency_p50_ms": 3455.780267715454,
  "total_latency_p95_ms": 4852.52845287323,
  "total_latency_p99_ms": 4855.39644241333,
  "tpot_p50_ms": 8.80511853178471,
  "tpot_p95_ms": 8.92517234764847,
  "tpot_p99_ms": 8.935750970653459,
  "throughput_tok_per_sec": 10494.706392890812,
  "gpu_utilization_mean": 95.34693877551021,
  "gpu_utilization_p50": 100.0,
  "concurrency": 256,
  "wall_time_ms": 4891.718775965273,
  "model_id": "meta-llama/Llama-3.1-8B-Instruct",
  "model_short_name": "Llama-3.1-8B-Instruct"
}