{
  "num_requests": 200,
  "num_successful": 200.0,
  "num_failed": 0,
  "ttft_p50_ms": 37.639737129211426,
  "ttft_p95_ms": 51.42549276351927,
  "ttft_p99_ms": 1172.5617706775665,
  "total_latency_p50_ms": 1747.2748756408691,
  "total_latency_p95_ms": 1760.8892917633057,
  "total_latency_p99_ms": 3989.3976855278015,
  "tpot_p50_ms": 6.700210711535286,
  "tpot_p95_ms": 6.729645542069978,
  "tpot_p99_ms": 6.739612224055271,
  "throughput_tok_per_sec": 1141.62213732569,
  "gpu_utilization_mean": 96.88878718535469,
  "gpu_utilization_p50": 100.0,
  "concurrency": 8,
  "wall_time_ms": 46031.905237585306,
  "model_id": "meta-llama/Llama-3.1-8B-Instruct",
  "model_short_name": "Llama-3.1-8B-Instruct",
  "repeats": 2,
  "throughput_tok_per_sec_mean": 1141.62213732569,
  "throughput_tok_per_sec_std": 28.409263614107317,
  "ttft_p50_ms_mean": 37.639737129211426,
  "ttft_p50_ms_std": 0.41925907135009766,
  "ttft_p99_ms_mean": 1172.5617706775665,
  "ttft_p99_ms_std": 1106.7815697193146,
  "tpot_p50_ms_mean": 6.700210711535286,
  "tpot_p50_ms_std": 0.003542385849298224,
  "gpu_utilization_mean_mean": 96.88878718535469,
  "gpu_utilization_mean_std": 2.401830663615563,
  "num_successful_mean": 200.0,
  "num_successful_std": 0.0,
  "runs": [
    {
      "num_requests": 200,
      "num_successful": 200,
      "num_failed": 0,
      "ttft_p50_ms": 37.22047805786133,
      "ttft_p95_ms": 51.42549276351927,
      "ttft_p99_ms": 2279.343340396881,
      "total_latency_p50_ms": 1747.2748756408691,
      "total_latency_p95_ms": 1760.8892917633057,
      "total_latency_p99_ms": 3989.3976855278015,
      "tpot_p50_ms": 6.703753097384584,
      "tpot_p95_ms": 6.729645542069978,
      "tpot_p99_ms": 6.739612224055271,
      "throughput_tok_per_sec": 1113.2128737115825,
      "gpu_utilization_mean": 94.48695652173913,
      "gpu_utilization_p50": 100.0,
      "concurrency": 8,
      "wall_time_ms": 46031.905237585306,
      "model_id": "meta-llama/Llama-3.1-8B-Instruct",
      "model_short_name": "Llama-3.1-8B-Instruct"
    },
    {
      "num_requests": 200,
      "num_successful": 200,
      "num_failed": 0,
      "ttft_p50_ms": 38.05899620056152,
      "ttft_p95_ms": 53.78322601318359,
      "ttft_p99_ms": 65.78020095825195,
      "total_latency_p50_ms": 1747.5354671478271,
      "total_latency_p95_ms": 1769.6839570999146,
      "total_latency_p99_ms": 1772.2367358207703,
      "tpot_p50_ms": 6.696668325685987,
      "tpot_p95_ms": 6.746734170352711,
      "tpot_p99_ms": 6.752748339783912,
      "throughput_tok_per_sec": 1170.031400939797,
      "gpu_utilization_mean": 99.29061784897026,
      "gpu_utilization_p50": 100.0,
      "concurrency": 8,
      "wall_time_ms": 43790.76708899811,
      "model_id": "meta-llama/Llama-3.1-8B-Instruct",
      "model_short_name": "Llama-3.1-8B-Instruct"
    }
  ]
}