{
  "1": {
    "num_requests": 200,
    "num_successful": 200.0,
    "num_failed": 0,
    "ttft_p50_ms": 28.530418872833252,
    "ttft_p95_ms": 33.192574977874756,
    "ttft_p99_ms": 36.38766884803719,
    "total_latency_p50_ms": 1714.1759395599365,
    "total_latency_p95_ms": 1720.4798698425293,
    "total_latency_p99_ms": 1728.5137796401966,
    "tpot_p50_ms": 6.551205410676844,
    "tpot_p95_ms": 6.624016341041116,
    "tpot_p99_ms": 6.627128460827995,
    "throughput_tok_per_sec": 149.90526770572703,
    "gpu_utilization_mean": 98.11389120267653,
    "gpu_utilization_p50": 100.0,
    "concurrency": 1,
    "wall_time_ms": 346450.17391676083,
    "model_id": "meta-llama/Llama-3.1-8B-Instruct",
    "model_short_name": "Llama-3.1-8B-Instruct",
    "repeats": 2,
    "throughput_tok_per_sec_mean": 149.90526770572703,
    "throughput_tok_per_sec_std": 2.098912153909822,
    "ttft_p50_ms_mean": 28.530418872833252,
    "ttft_p50_ms_std": 0.24181604385375977,
    "ttft_p99_ms_mean": 36.38766884803719,
    "ttft_p99_ms_std": 2.9665887355799185,
    "tpot_p50_ms_mean": 6.551205410676844,
    "tpot_p50_ms_std": 0.057194279689414707,
    "gpu_utilization_mean_mean": 98.11389120267653,
    "gpu_utilization_mean_std": 0.6536474417943481,
    "num_successful_mean": 200.0,
    "num_successful_std": 0.0,
    "runs": [
      {
        "num_requests": 200,
        "num_successful": 200,
        "num_failed": 0,
        "ttft_p50_ms": 28.77223491668701,
        "ttft_p95_ms": 33.192574977874756,
        "ttft_p99_ms": 39.354257583617105,
        "total_latency_p50_ms": 1714.1759395599365,
        "total_latency_p95_ms": 1720.4798698425293,
        "total_latency_p99_ms": 1728.5137796401966,
        "tpot_p50_ms": 6.608399690366259,
        "tpot_p95_ms": 6.624016341041116,
        "tpot_p99_ms": 6.627128460827995,
        "throughput_tok_per_sec": 147.8063555518172,
        "gpu_utilization_mean": 97.46024376088218,
        "gpu_utilization_p50": 100.0,
        "concurrency": 1,
        "wall_time_ms": 346450.17391676083,
        "model_id": "meta-llama/Llama-3.1-8B-Instruct",
        "model_short_name": "Llama-3.1-8B-Instruct"
      },
      {
        "num_requests": 200,
        "num_successful": 200,
        "num_failed": 0,
        "ttft_p50_ms": 28.288602828979492,
        "ttft_p95_ms": 30.476069450378414,
        "ttft_p99_ms": 33.42108011245727,
        "total_latency_p50_ms": 1683.5496425628662,
        "total_latency_p95_ms": 1687.2721552848816,
        "total_latency_p99_ms": 1692.9971146583557,
        "tpot_p50_ms": 6.494011130987429,
        "tpot_p95_ms": 6.507958197126201,
        "tpot_p99_ms": 6.52276668361589,
        "throughput_tok_per_sec": 152.00417985963685,
        "gpu_utilization_mean": 98.76753864447087,
        "gpu_utilization_p50": 100.0,
        "concurrency": 1,
        "wall_time_ms": 336863.4361079894,
        "model_id": "meta-llama/Llama-3.1-8B-Instruct",
        "model_short_name": "Llama-3.1-8B-Instruct"
      }
    ]
  },
  "8": {
    "num_requests": 200,
    "num_successful": 200.0,
    "num_failed": 0,
    "ttft_p50_ms": 37.639737129211426,
    "ttft_p95_ms": 51.42549276351927,
    "ttft_p99_ms": 1172.5617706775665,
    "total_latency_p50_ms": 1747.2748756408691,
    "total_latency_p95_ms": 1760.8892917633057,
    "total_latency_p99_ms": 3989.3976855278015,
    "tpot_p50_ms": 6.700210711535286,
    "tpot_p95_ms": 6.729645542069978,
    "tpot_p99_ms": 6.739612224055271,
    "throughput_tok_per_sec": 1141.62213732569,
    "gpu_utilization_mean": 96.88878718535469,
    "gpu_utilization_p50": 100.0,
    "concurrency": 8,
    "wall_time_ms": 46031.905237585306,
    "model_id": "meta-llama/Llama-3.1-8B-Instruct",
    "model_short_name": "Llama-3.1-8B-Instruct",
    "repeats": 2,
    "throughput_tok_per_sec_mean": 1141.62213732569,
    "throughput_tok_per_sec_std": 28.409263614107317,
    "ttft_p50_ms_mean": 37.639737129211426,
    "ttft_p50_ms_std": 0.41925907135009766,
    "ttft_p99_ms_mean": 1172.5617706775665,
    "ttft_p99_ms_std": 1106.7815697193146,
    "tpot_p50_ms_mean": 6.700210711535286,
    "tpot_p50_ms_std": 0.003542385849298224,
    "gpu_utilization_mean_mean": 96.88878718535469,
    "gpu_utilization_mean_std": 2.401830663615563,
    "num_successful_mean": 200.0,
    "num_successful_std": 0.0,
    "runs": [
      {
        "num_requests": 200,
        "num_successful": 200,
        "num_failed": 0,
        "ttft_p50_ms": 37.22047805786133,
        "ttft_p95_ms": 51.42549276351927,
        "ttft_p99_ms": 2279.343340396881,
        "total_latency_p50_ms": 1747.2748756408691,
        "total_latency_p95_ms": 1760.8892917633057,
        "total_latency_p99_ms": 3989.3976855278015,
        "tpot_p50_ms": 6.703753097384584,
        "tpot_p95_ms": 6.729645542069978,
        "tpot_p99_ms": 6.739612224055271,
        "throughput_tok_per_sec": 1113.2128737115825,
        "gpu_utilization_mean": 94.48695652173913,
        "gpu_utilization_p50": 100.0,
        "concurrency": 8,
        "wall_time_ms": 46031.905237585306,
        "model_id": "meta-llama/Llama-3.1-8B-Instruct",
        "model_short_name": "Llama-3.1-8B-Instruct"
      },
      {
        "num_requests": 200,
        "num_successful": 200,
        "num_failed": 0,
        "ttft_p50_ms": 38.05899620056152,
        "ttft_p95_ms": 53.78322601318359,
        "ttft_p99_ms": 65.78020095825195,
        "total_latency_p50_ms": 1747.5354671478271,
        "total_latency_p95_ms": 1769.6839570999146,
        "total_latency_p99_ms": 1772.2367358207703,
        "tpot_p50_ms": 6.696668325685987,
        "tpot_p95_ms": 6.746734170352711,
        "tpot_p99_ms": 6.752748339783912,
        "throughput_tok_per_sec": 1170.031400939797,
        "gpu_utilization_mean": 99.29061784897026,
        "gpu_utilization_p50": 100.0,
        "concurrency": 8,
        "wall_time_ms": 43790.76708899811,
        "model_id": "meta-llama/Llama-3.1-8B-Instruct",
        "model_short_name": "Llama-3.1-8B-Instruct"
      }
    ]
  },
  "32": {
    "num_requests": 200,
    "num_successful": 200.0,
    "num_failed": 0,
    "ttft_p50_ms": 62.99436092376709,
    "ttft_p95_ms": 2350.620651245117,
    "ttft_p99_ms": 1241.6505432128906,
    "total_latency_p50_ms": 1883.4154605865479,
    "total_latency_p95_ms": 4179.277539253235,
    "total_latency_p99_ms": 4181.085634231567,
    "tpot_p50_ms": 7.183734809651094,
    "tpot_p95_ms": 7.229849684472177,
    "tpot_p99_ms": 7.236315521539426,
    "throughput_tok_per_sec": 3589.6627701376096,
    "gpu_utilization_mean": 90.58951299818173,
    "gpu_utilization_p50": 100.0,
    "concurrency": 32,
    "wall_time_ms": 15338.683601934463,
    "model_id": "meta-llama/Llama-3.1-8B-Instruct",
    "model_short_name": "Llama-3.1-8B-Instruct",
    "repeats": 2,
    "throughput_tok_per_sec_mean": 3589.6627701376096,
    "throughput_tok_per_sec_std": 248.10736474541136,
    "ttft_p50_ms_mean": 62.99436092376709,
    "ttft_p50_ms_std": 15.89202880859375,
    "ttft_p99_ms_mean": 1241.6505432128906,
    "ttft_p99_ms_std": 1109.6891617774963,
    "tpot_p50_ms_mean": 7.183734809651094,
    "tpot_p50_ms_std": 0.0028584517684637767,
    "gpu_utilization_mean_mean": 90.58951299818173,
    "gpu_utilization_mean_std": 7.230035873998723,
    "num_successful_mean": 200.0,
    "num_successful_std": 0.0,
    "runs": [
      {
        "num_requests": 200,
        "num_successful": 200,
        "num_failed": 0,
        "ttft_p50_ms": 47.10233211517334,
        "ttft_p95_ms": 2350.620651245117,
        "ttft_p99_ms": 2351.339704990387,
        "total_latency_p50_ms": 1883.4154605865479,
        "total_latency_p95_ms": 4179.277539253235,
        "total_latency_p99_ms": 4181.085634231567,
        "tpot_p50_ms": 7.180876357882631,
        "tpot_p95_ms": 7.229849684472177,
        "tpot_p99_ms": 7.236315521539426,
        "throughput_tok_per_sec": 3341.5554053921983,
        "gpu_utilization_mean": 83.359477124183,
        "gpu_utilization_p50": 100.0,
        "concurrency": 32,