{
  "num_requests": 200,
  "num_successful": 200.0,
  "num_failed": 0,
  "ttft_p50_ms": 1293.3945059776306,
  "ttft_p95_ms": 2587.6423239707947,
  "ttft_p99_ms": 2609.813573360443,
  "total_latency_p50_ms": 3565.7052993774414,
  "total_latency_p95_ms": 4816.229295730591,
  "total_latency_p99_ms": 4820.3730726242065,
  "tpot_p50_ms": 8.789499857478328,
  "tpot_p95_ms": 8.908971664952297,
  "tpot_p99_ms": 8.927086138257792,
  "throughput_tok_per_sec": 10545.294557939735,
  "gpu_utilization_mean": 95.75680272108843,
  "gpu_utilization_p50": 100.0,
  "concurrency": 256,
  "wall_time_ms": 4849.700844381005,
  "model_id": "meta-llama/Llama-3.1-8B-Instruct",
  "model_short_name": "Llama-3.1-8B-Instruct",
  "repeats": 2,
  "throughput_tok_per_sec_mean": 10545.294557939735,
  "throughput_tok_per_sec_std": 50.58816504892275,
  "ttft_p50_ms_mean": 1293.3945059776306,
  "ttft_p50_ms_std": 59.66871976852417,
  "ttft_p99_ms_mean": 2609.813573360443,
  "ttft_p99_ms_std": 21.402077674865723,
  "tpot_p50_ms_mean": 8.789499857478328,
  "tpot_p50_ms_std": 0.015618674306383085,
  "gpu_utilization_mean_mean": 95.75680272108843,
  "gpu_utilization_mean_std": 0.40986394557823047,
  "num_successful_mean": 200.0,
  "num_successful_std": 0.0,
  "runs": [
    {
      "num_requests": 200,
      "num_successful": 200,
      "num_failed": 0,
      "ttft_p50_ms": 1353.0632257461548,
      "ttft_p95_ms": 2587.6423239707947,
      "ttft_p99_ms": 2588.4114956855774,
      "total_latency_p50_ms": 3565.7052993774414,
      "total_latency_p95_ms": 4816.229295730591,
      "total_latency_p99_ms": 4820.3730726242065,
      "tpot_p50_ms": 8.773881183171945,
      "tpot_p95_ms": 8.908971664952297,
      "tpot_p99_ms": 8.927086138257792,
      "throughput_tok_per_sec": 10595.882722988657,
      "gpu_utilization_mean": 96.16666666666667,
      "gpu_utilization_p50": 100.0,
      "concurrency": 256,
      "wall_time_ms": 4849.700844381005,
      "model_id": "meta-llama/Llama-3.1-8B-Instruct",
      "model_short_name": "Llama-3.1-8B-Instruct"
    },
    {
      "num_requests": 200,
      "num_successful": 200,
      "num_failed": 0,
      "ttft_p50_ms": 1233.7257862091064,
      "ttft_p95_ms": 2622.2607254981995,
      "ttft_p99_ms": 2631.215651035309,
      "total_latency_p50_ms": 3455.780267715454,
      "total_latency_p95_ms": 4852.52845287323,
      "total_latency_p99_ms": 4855.39644241333,
      "tpot_p50_ms": 8.80511853178471,
      "tpot_p95_ms": 8.92517234764847,
      "tpot_p99_ms": 8.935750970653459,
      "throughput_tok_per_sec": 10494.706392890812,
      "gpu_utilization_mean": 95.34693877551021,
      "gpu_utilization_p50": 100.0,
      "concurrency": 256,
      "wall_time_ms": 4891.718775965273,
      "model_id": "meta-llama/Llama-3.1-8B-Instruct",
      "model_short_name": "Llama-3.1-8B-Instruct"
    }
  ]
}