{
  "num_requests": 200,
  "num_successful": 200.0,
  "num_failed": 0,
  "ttft_p50_ms": 62.99436092376709,
  "ttft_p95_ms": 2350.620651245117,
  "ttft_p99_ms": 1241.6505432128906,
  "total_latency_p50_ms": 1883.4154605865479,
  "total_latency_p95_ms": 4179.277539253235,
  "total_latency_p99_ms": 4181.085634231567,
  "tpot_p50_ms": 7.183734809651094,
  "tpot_p95_ms": 7.229849684472177,
  "tpot_p99_ms": 7.236315521539426,
  "throughput_tok_per_sec": 3589.6627701376096,
  "gpu_utilization_mean": 90.58951299818173,
  "gpu_utilization_p50": 100.0,
  "concurrency": 32,
  "wall_time_ms": 15338.683601934463,
  "model_id": "meta-llama/Llama-3.1-8B-Instruct",
  "model_short_name": "Llama-3.1-8B-Instruct",
  "repeats": 2,
  "throughput_tok_per_sec_mean": 3589.6627701376096,
  "throughput_tok_per_sec_std": 248.10736474541136,
  "ttft_p50_ms_mean": 62.99436092376709,
  "ttft_p50_ms_std": 15.89202880859375,
  "ttft_p99_ms_mean": 1241.6505432128906,
  "ttft_p99_ms_std": 1109.6891617774963,
  "tpot_p50_ms_mean": 7.183734809651094,
  "tpot_p50_ms_std": 0.0028584517684637767,
  "gpu_utilization_mean_mean": 90.58951299818173,
  "gpu_utilization_mean_std": 7.230035873998723,
  "num_successful_mean": 200.0,
  "num_successful_std": 0.0,
  "runs": [
    {
      "num_requests": 200,
      "num_successful": 200,
      "num_failed": 0,
      "ttft_p50_ms": 47.10233211517334,
      "ttft_p95_ms": 2350.620651245117,
      "ttft_p99_ms": 2351.339704990387,
      "total_latency_p50_ms": 1883.4154605865479,
      "total_latency_p95_ms": 4179.277539253235,
      "total_latency_p99_ms": 4181.085634231567,
      "tpot_p50_ms": 7.180876357882631,
      "tpot_p95_ms": 7.229849684472177,
      "tpot_p99_ms": 7.236315521539426,
      "throughput_tok_per_sec": 3341.5554053921983,
      "gpu_utilization_mean": 83.359477124183,
      "gpu_utilization_p50": 100.0,
      "concurrency": 32,
      "wall_time_ms": 15338.683601934463,
      "model_id": "meta-llama/Llama-3.1-8B-Instruct",
      "model_short_name": "Llama-3.1-8B-Instruct"
    },
    {
      "num_requests": 200,
      "num_successful": 200,
      "num_failed": 0,
      "ttft_p50_ms": 78.88638973236084,
      "ttft_p95_ms": 131.20357990264893,
      "ttft_p99_ms": 131.9613814353943,
      "total_latency_p50_ms": 1908.5886478424072,
      "total_latency_p95_ms": 1971.2985634803772,
      "total_latency_p99_ms": 1973.0177879333496,
      "tpot_p50_ms": 7.186593261419558,
      "tpot_p95_ms": 7.268008578057382,
      "tpot_p99_ms": 7.292731864779603,
      "throughput_tok_per_sec": 3837.770134883021,
      "gpu_utilization_mean": 97.81954887218045,
      "gpu_utilization_p50": 100.0,
      "concurrency": 32,
      "wall_time_ms": 13353.908779099584,
      "model_id": "meta-llama/Llama-3.1-8B-Instruct",
      "model_short_name": "Llama-3.1-8B-Instruct"
    }
  ]
}