{
  "num_requests": 200,
  "num_successful": 200,
  "num_failed": 0,
  "ttft_p50_ms": 81.04395866394043,
  "ttft_p95_ms": 175.37063360214233,
  "ttft_p99_ms": 177.52702951431274,
  "total_latency_p50_ms": 2091.821312904358,
  "total_latency_p95_ms": 2204.038166999817,
  "total_latency_p99_ms": 2207.4917459487915,
  "tpot_p50_ms": 7.868814468383789,
  "tpot_p95_ms": 7.970005811429491,
  "tpot_p99_ms": 7.996215932509479,
  "throughput_tok_per_sec": 6374.123827762925,
  "gpu_utilization_mean": 97.0,
  "gpu_utilization_p50": 100.0,
  "concurrency": 64,
  "wall_time_ms": 8048.352592624724,
  "model_id": "meta-llama/Llama-3.1-8B-Instruct",
  "model_short_name": "Llama-3.1-8B-Instruct"
}