{
  "num_requests": 200,
  "num_successful": 200.0,
  "num_failed": 0,
  "ttft_p50_ms": 85.58344841003418,
  "ttft_p95_ms": 175.37063360214233,
  "ttft_p99_ms": 159.83638763427734,
  "total_latency_p50_ms": 2091.821312904358,
  "total_latency_p95_ms": 2204.038166999817,
  "total_latency_p99_ms": 2207.4917459487915,
  "tpot_p50_ms": 7.872394019482183,
  "tpot_p95_ms": 7.970005811429491,
  "tpot_p99_ms": 7.996215932509479,
  "throughput_tok_per_sec": 6364.985225294777,
  "gpu_utilization_mean": 97.16666666666666,
  "gpu_utilization_p50": 100.0,
  "concurrency": 64,
  "wall_time_ms": 8048.352592624724,
  "model_id": "meta-llama/Llama-3.1-8B-Instruct",
  "model_short_name": "Llama-3.1-8B-Instruct",
  "repeats": 2,
  "throughput_tok_per_sec_mean": 6364.985225294777,
  "throughput_tok_per_sec_std": 9.138602468148747,
  "ttft_p50_ms_mean": 85.58344841003418,
  "ttft_p50_ms_std": 4.53948974609375,
  "ttft_p99_ms_mean": 159.83638763427734,
  "ttft_p99_ms_std": 17.6906418800354,
  "tpot_p50_ms_mean": 7.872394019482183,
  "tpot_p50_ms_std": 0.003579551098393363,
  "gpu_utilization_mean_mean": 97.16666666666666,
  "gpu_utilization_mean_std": 0.1666666666666643,
  "num_successful_mean": 200.0,
  "num_successful_std": 0.0,
  "runs": [
    {
      "num_requests": 200,
      "num_successful": 200,
      "num_failed": 0,
      "ttft_p50_ms": 81.04395866394043,
      "ttft_p95_ms": 175.37063360214233,
      "ttft_p99_ms": 177.52702951431274,
      "total_latency_p50_ms": 2091.821312904358,
      "total_latency_p95_ms": 2204.038166999817,
      "total_latency_p99_ms": 2207.4917459487915,
      "tpot_p50_ms": 7.868814468383789,
      "tpot_p95_ms": 7.970005811429491,
      "tpot_p99_ms": 7.996215932509479,
      "throughput_tok_per_sec": 6374.123827762925,
      "gpu_utilization_mean": 97.0,
      "gpu_utilization_p50": 100.0,
      "concurrency": 64,
      "wall_time_ms": 8048.352592624724,
      "model_id": "meta-llama/Llama-3.1-8B-Instruct",
      "model_short_name": "Llama-3.1-8B-Instruct"
    },
    {
      "num_requests": 200,
      "num_successful": 200,
      "num_failed": 0,
      "ttft_p50_ms": 90.12293815612793,
      "ttft_p95_ms": 138.30809593200684,
      "ttft_p99_ms": 142.14574575424194,
      "total_latency_p50_ms": 2094.9918031692505,
      "total_latency_p95_ms": 2175.00022649765,
      "total_latency_p99_ms": 2180.4122519493103,
      "tpot_p50_ms": 7.875973570580576,
      "tpot_p95_ms": 7.989466050091911,
      "tpot_p99_ms": 7.999168096804151,
      "throughput_tok_per_sec": 6355.846622826628,
      "gpu_utilization_mean": 97.33333333333333,
      "gpu_utilization_p50": 100.0,
      "concurrency": 64,
      "wall_time_ms": 8074.324706103653,
      "model_id": "meta-llama/Llama-3.1-8B-Instruct",
      "model_short_name": "Llama-3.1-8B-Instruct"
    }
  ]
}