{
  "num_requests": 200,
  "num_successful": 200,
  "num_failed": 0,
  "ttft_p50_ms": 47.10233211517334,
  "ttft_p95_ms": 2350.620651245117,
  "ttft_p99_ms": 2351.339704990387,
  "total_latency_p50_ms": 1883.4154605865479,
  "total_latency_p95_ms": 4179.277539253235,
  "total_latency_p99_ms": 4181.085634231567,
  "tpot_p50_ms": 7.180876357882631,
  "tpot_p95_ms": 7.229849684472177,
  "tpot_p99_ms": 7.236315521539426,
  "throughput_tok_per_sec": 3341.5554053921983,
  "gpu_utilization_mean": 83.359477124183,
  "gpu_utilization_p50": 100.0,
  "concurrency": 32,
  "wall_time_ms": 15338.683601934463,
  "model_id": "meta-llama/Llama-3.1-8B-Instruct",
  "model_short_name": "Llama-3.1-8B-Instruct"
}