{
  "num_requests": 200,
  "num_successful": 200,
  "num_failed": 0,
  "ttft_p50_ms": 49.39913749694824,
  "ttft_p95_ms": 64.23169374465942,
  "ttft_p99_ms": 64.73739385604858,
  "total_latency_p50_ms": 3458.196997642517,
  "total_latency_p95_ms": 3511.0991954803467,
  "total_latency_p99_ms": 3513.613736629486,
  "tpot_p50_ms": 13.376748328115426,
  "tpot_p95_ms": 13.577439598008697,
  "tpot_p99_ms": 13.634692341673608,
  "throughput_tok_per_sec": 2163.7537333928594,
  "gpu_utilization_mean": 99.47639484978541,
  "gpu_utilization_p50": 100.0,
  "concurrency": 32,
  "wall_time_ms": 23323.263933882117,
  "model_id": "meta-llama/Llama-3.1-8B-Instruct",
  "model_short_name": "Llama-3.1-8B-Instruct"
}