{
  "num_requests": 200,
  "num_successful": 200,
  "num_failed": 0,
  "ttft_p50_ms": 33.82551670074463,
  "ttft_p95_ms": 40.91503620147704,
  "ttft_p99_ms": 42.45405197143555,
  "total_latency_p50_ms": 2910.11381149292,
  "total_latency_p95_ms": 2925.4250407218933,
  "total_latency_p99_ms": 2938.230438232422,
  "tpot_p50_ms": 11.283279400245815,
  "tpot_p95_ms": 11.346821710654632,
  "tpot_p99_ms": 11.393617723908875,
  "throughput_tok_per_sec": 696.5043198832814,
  "gpu_utilization_mean": 99.73829201101928,
  "gpu_utilization_p50": 100.0,
  "concurrency": 8,
  "wall_time_ms": 72680.43527752161,
  "model_id": "meta-llama/Llama-3.1-8B-Instruct",
  "model_short_name": "Llama-3.1-8B-Instruct"
}