{
  "num_requests": 200,
  "num_successful": 200,
  "num_failed": 0,
  "ttft_p50_ms": 722.8349447250366,
  "ttft_p95_ms": 4900.453662872314,
  "ttft_p99_ms": 4900.708203315735,
  "total_latency_p50_ms": 5249.7124671936035,
  "total_latency_p95_ms": 9520.378386974335,
  "total_latency_p99_ms": 9521.713473796844,
  "tpot_p50_ms": 17.90963043843591,
  "tpot_p95_ms": 18.20983278985117,
  "tpot_p99_ms": 18.38114588279424,
  "throughput_tok_per_sec": 5183.35312551307,
  "gpu_utilization_mean": 98.3157894736842,
  "gpu_utilization_p50": 100.0,
  "concurrency": 256,
  "wall_time_ms": 9548.634129576385,
  "model_id": "meta-llama/Llama-3.1-8B-Instruct",
  "model_short_name": "Llama-3.1-8B-Instruct"
}