{
  "num_requests": 200,
  "num_successful": 200.0,
  "num_failed": 0,
  "ttft_p50_ms": 102.4441123008728,
  "ttft_p95_ms": 4856.370997428894,
  "ttft_p99_ms": 4880.151547193527,
  "total_latency_p50_ms": 4785.983204841614,
  "total_latency_p95_ms": 9494.236493110657,
  "total_latency_p99_ms": 9495.46338558197,
  "tpot_p50_ms": 18.315025001317977,
  "tpot_p95_ms": 18.451255957285564,
  "tpot_p99_ms": 18.479934073525563,
  "throughput_tok_per_sec": 5276.315384860596,
  "gpu_utilization_mean": 98.82105263157895,
  "gpu_utilization_p50": 100.0,
  "concurrency": 128,
  "wall_time_ms": 9531.69025760144,
  "model_id": "meta-llama/Llama-3.1-8B-Instruct",
  "model_short_name": "Llama-3.1-8B-Instruct",
  "repeats": 2,
  "throughput_tok_per_sec_mean": 5276.315384860596,
  "throughput_tok_per_sec_std": 79.59008917399251,
  "ttft_p50_ms_mean": 102.4441123008728,
  "ttft_p50_ms_std": 1.3830065727233887,
  "ttft_p99_ms_mean": 4880.151547193527,
  "ttft_p99_ms_std": 23.73165726661682,
  "tpot_p50_ms_mean": 18.315025001317977,
  "tpot_p50_ms_std": 0.07162382706864179,
  "gpu_utilization_mean_mean": 98.82105263157895,
  "gpu_utilization_mean_std": 0.18947368421052602,
  "num_successful_mean": 200.0,
  "num_successful_std": 0.0,
  "runs": [
    {
      "num_requests": 200,
      "num_successful": 200,
      "num_failed": 0,
      "ttft_p50_ms": 101.06110572814941,
      "ttft_p95_ms": 4856.370997428894,
      "ttft_p99_ms": 4856.41988992691,
      "total_latency_p50_ms": 4785.983204841614,
      "total_latency_p95_ms": 9494.236493110657,
      "total_latency_p99_ms": 9495.46338558197,
      "tpot_p50_ms": 18.243401174249335,
      "tpot_p95_ms": 18.451255957285564,
      "tpot_p99_ms": 18.479934073525563,
      "throughput_tok_per_sec": 5355.905474034589,
      "gpu_utilization_mean": 99.01052631578948,
      "gpu_utilization_p50": 100.0,
      "concurrency": 128,
      "wall_time_ms": 9531.69025760144,
      "model_id": "meta-llama/Llama-3.1-8B-Instruct",
      "model_short_name": "Llama-3.1-8B-Instruct"
    },
    {
      "num_requests": 200,
      "num_successful": 200,
      "num_failed": 0,
      "ttft_p50_ms": 103.82711887359619,
      "ttft_p95_ms": 4903.104627132416,
      "ttft_p99_ms": 4903.883204460144,
      "total_latency_p50_ms": 4829.0135860443115,
      "total_latency_p95_ms": 9490.583491325378,
      "total_latency_p99_ms": 9492.822301387787,
      "tpot_p50_ms": 18.38664882838662,
      "tpot_p95_ms": 18.611683331283867,
      "tpot_p99_ms": 18.656452146230958,
      "throughput_tok_per_sec": 5196.725295686604,
      "gpu_utilization_mean": 98.63157894736842,
      "gpu_utilization_p50": 100.0,
      "concurrency": 128,
      "wall_time_ms": 9533.02082978189,
      "model_id": "meta-llama/Llama-3.1-8B-Instruct",
      "model_short_name": "Llama-3.1-8B-Instruct"
    }
  ]
}