{
  "1": {
    "num_requests": 200,
    "num_successful": 200.0,
    "num_failed": 0,
    "ttft_p50_ms": 26.814520359039307,
    "ttft_p95_ms": 34.89729166030884,
    "ttft_p99_ms": 30.78240394592285,
    "total_latency_p50_ms": 2808.5248470306396,
    "total_latency_p95_ms": 2817.3081278800964,
    "total_latency_p99_ms": 2818.546588420868,
    "tpot_p50_ms": 10.903494732052671,
    "tpot_p95_ms": 10.96490746910351,
    "tpot_p99_ms": 11.071841564561797,
    "throughput_tok_per_sec": 84.40448023429585,
    "gpu_utilization_mean": 92.49713877141093,
    "gpu_utilization_p50": 100.0,
    "concurrency": 1,
    "wall_time_ms": 641216.0691255704,
    "model_id": "meta-llama/Llama-3.1-8B-Instruct",
    "model_short_name": "Llama-3.1-8B-Instruct",
    "repeats": 2,
    "throughput_tok_per_sec_mean": 84.40448023429585,
    "throughput_tok_per_sec_std": 6.826033919020837,
    "ttft_p50_ms_mean": 26.814520359039307,
    "ttft_p50_ms_std": 2.296149730682373,
    "ttft_p99_ms_mean": 30.78240394592285,
    "ttft_p99_ms_std": 4.943425655364992,
    "tpot_p50_ms_mean": 10.903494732052671,
    "tpot_p50_ms_std": 0.0005682309468584279,
    "gpu_utilization_mean_mean": 92.49713877141093,
    "gpu_utilization_mean_std": 7.338715157028766,
    "num_successful_mean": 200.0,
    "num_successful_std": 0.0,
    "runs": [
      {
        "num_requests": 200,
        "num_successful": 200,
        "num_failed": 0,
        "ttft_p50_ms": 29.11067008972168,
        "ttft_p95_ms": 34.89729166030884,
        "ttft_p99_ms": 35.72582960128784,
        "total_latency_p50_ms": 2808.5248470306396,
        "total_latency_p95_ms": 2817.3081278800964,
        "total_latency_p99_ms": 2818.546588420868,
        "tpot_p50_ms": 10.902926501105814,
        "tpot_p95_ms": 10.96490746910351,
        "tpot_p99_ms": 11.071841564561797,
        "throughput_tok_per_sec": 77.57844631527502,
        "gpu_utilization_mean": 85.15842361438216,
        "gpu_utilization_p50": 100.0,
        "concurrency": 1,
        "wall_time_ms": 641216.0691255704,
        "model_id": "meta-llama/Llama-3.1-8B-Instruct",
        "model_short_name": "Llama-3.1-8B-Instruct"
      },
      {
        "num_requests": 200,
        "num_successful": 200,
        "num_failed": 0,
        "ttft_p50_ms": 24.518370628356934,
        "ttft_p95_ms": 25.19608736038208,
        "ttft_p99_ms": 25.838978290557858,
        "total_latency_p50_ms": 2804.559111595154,
        "total_latency_p95_ms": 2807.9010128974915,
        "total_latency_p99_ms": 2809.69717502594,
        "tpot_p50_ms": 10.90406296299953,
        "tpot_p95_ms": 10.960092259124972,
        "tpot_p99_ms": 11.022813195897795,
        "throughput_tok_per_sec": 91.23051415331669,
        "gpu_utilization_mean": 99.83585392843969,
        "gpu_utilization_p50": 100.0,
        "concurrency": 1,
        "wall_time_ms": 544487.6353368163,
        "model_id": "meta-llama/Llama-3.1-8B-Instruct",
        "model_short_name": "Llama-3.1-8B-Instruct"
      }
    ]
  },
  "8": {
    "num_requests": 200,
    "num_successful": 200.0,
    "num_failed": 0,
    "ttft_p50_ms": 33.7446928024292,
    "ttft_p95_ms": 41.08406305313108,
    "ttft_p99_ms": 44.68177080154419,
    "total_latency_p50_ms": 2934.9021911621094,
    "total_latency_p95_ms": 2944.323515892029,
    "total_latency_p99_ms": 2951.1095666885376,
    "tpot_p50_ms": 11.332540886074888,
    "tpot_p95_ms": 11.43722141490263,
    "tpot_p99_ms": 11.490653690410543,
    "throughput_tok_per_sec": 690.7915042385252,
    "gpu_utilization_mean": 99.65818710140005,
    "gpu_utilization_p50": 100.0,
    "concurrency": 8,
    "wall_time_ms": 73060.27962267399,
    "model_id": "meta-llama/Llama-3.1-8B-Instruct",
    "model_short_name": "Llama-3.1-8B-Instruct",
    "repeats": 2,
    "throughput_tok_per_sec_mean": 690.7915042385252,
    "throughput_tok_per_sec_std": 5.712815644756176,
    "ttft_p50_ms_mean": 33.7446928024292,
    "ttft_p50_ms_std": 0.08082389831542969,
    "ttft_p99_ms_mean": 44.68177080154419,
    "ttft_p99_ms_std": 2.2277188301086426,
    "tpot_p50_ms_mean": 11.332540886074888,
    "tpot_p50_ms_std": 0.049261485829073415,
    "gpu_utilization_mean_mean": 99.65818710140005,
    "gpu_utilization_mean_std": 0.08010490961923011,
    "num_successful_mean": 200.0,
    "num_successful_std": 0.0,
    "runs": [
      {
        "num_requests": 200,
        "num_successful": 200,
        "num_failed": 0,
        "ttft_p50_ms": 33.66386890411377,
        "ttft_p95_ms": 41.08406305313108,
        "ttft_p99_ms": 46.90948963165283,
        "total_latency_p50_ms": 2934.9021911621094,
        "total_latency_p95_ms": 2944.323515892029,
        "total_latency_p99_ms": 2951.1095666885376,
        "tpot_p50_ms": 11.381802371903962,
        "tpot_p95_ms": 11.43722141490263,
        "tpot_p99_ms": 11.490653690410543,
        "throughput_tok_per_sec": 685.078688593769,
        "gpu_utilization_mean": 99.57808219178082,
        "gpu_utilization_p50": 100.0,
        "concurrency": 8,
        "wall_time_ms": 73060.27962267399,
        "model_id": "meta-llama/Llama-3.1-8B-Instruct",
        "model_short_name": "Llama-3.1-8B-Instruct"
      },
      {
        "num_requests": 200,
        "num_successful": 200,
        "num_failed": 0,
        "ttft_p50_ms": 33.82551670074463,
        "ttft_p95_ms": 40.91503620147704,
        "ttft_p99_ms": 42.45405197143555,
        "total_latency_p50_ms": 2910.11381149292,
        "total_latency_p95_ms": 2925.4250407218933,
        "total_latency_p99_ms": 2938.230438232422,
        "tpot_p50_ms": 11.283279400245815,
        "tpot_p95_ms": 11.346821710654632,
        "tpot_p99_ms": 11.393617723908875,
        "throughput_tok_per_sec": 696.5043198832814,
        "gpu_utilization_mean": 99.73829201101928,
        "gpu_utilization_p50": 100.0,
        "concurrency": 8,
        "wall_time_ms": 72680.43527752161,
        "model_id": "meta-llama/Llama-3.1-8B-Instruct",
        "model_short_name": "Llama-3.1-8B-Instruct"
      }
    ]
  },
  "32": {
    "num_requests": 200,
    "num_successful": 200.0,
    "num_failed": 0,
    "ttft_p50_ms": 49.51423406600952,
    "ttft_p95_ms": 64.23169374465942,
    "ttft_p99_ms": 67.78754472732544,
    "total_latency_p50_ms": 3458.196997642517,
    "total_latency_p95_ms": 3511.0991954803467,
    "total_latency_p99_ms": 3513.613736629486,
    "tpot_p50_ms": 13.382739646762024,
    "tpot_p95_ms": 13.577439598008697,
    "tpot_p99_ms": 13.634692341673608,
    "throughput_tok_per_sec": 2155.16585948614,
    "gpu_utilization_mean": 99.53057030624863,
    "gpu_utilization_p50": 100.0,
    "concurrency": 32,
    "wall_time_ms": 23323.263933882117,
    "model_id": "meta-llama/Llama-3.1-8B-Instruct",
    "model_short_name": "Llama-3.1-8B-Instruct",
    "repeats": 2,
    "throughput_tok_per_sec_mean": 2155.16585948614,
    "throughput_tok_per_sec_std": 8.587873906719096,
    "ttft_p50_ms_mean": 49.51423406600952,
    "ttft_p50_ms_std": 0.1150965690612793,
    "ttft_p99_ms_mean": 67.78754472732544,
    "ttft_p99_ms_std": 3.0501508712768555,
    "tpot_p50_ms_mean": 13.382739646762024,
    "tpot_p50_ms_std": 0.005991318646598742,
    "gpu_utilization_mean_mean": 99.53057030624863,
    "gpu_utilization_mean_std": 0.05417545646322708,
    "num_successful_mean": 200.0,
    "num_successful_std": 0.0,
    "runs": [
      {
        "num_requests": 200,
        "num_successful": 200,
        "num_failed": 0,
        "ttft_p50_ms": 49.39913749694824,
        "ttft_p95_ms": 64.23169374465942,
        "ttft_p99_ms": 64.73739385604858,
        "total_latency_p50_ms": 3458.196997642517,
        "total_latency_p95_ms": 3511.0991954803467,
        "total_latency_p99_ms": 3513.613736629486,
        "tpot_p50_ms": 13.376748328115426,
        "tpot_p95_ms": 13.577439598008697,
        "tpot_p99_ms": 13.634692341673608,
        "throughput_tok_per_sec": 2163.7537333928594,
        "gpu_utilization_mean": 99.47639484978541,
        "gpu_utilization_p50": 100.0,
        "concurrency": 32,