{
  "num_requests": 200,
  "num_successful": 200.0,
  "num_failed": 0,
  "ttft_p50_ms": 33.7446928024292,
  "ttft_p95_ms": 41.08406305313108,
  "ttft_p99_ms": 44.68177080154419,
  "total_latency_p50_ms": 2934.9021911621094,
  "total_latency_p95_ms": 2944.323515892029,
  "total_latency_p99_ms": 2951.1095666885376,
  "tpot_p50_ms": 11.332540886074888,
  "tpot_p95_ms": 11.43722141490263,
  "tpot_p99_ms": 11.490653690410543,
  "throughput_tok_per_sec": 690.7915042385252,
  "gpu_utilization_mean": 99.65818710140005,
  "gpu_utilization_p50": 100.0,
  "concurrency": 8,
  "wall_time_ms": 73060.27962267399,
  "model_id": "meta-llama/Llama-3.1-8B-Instruct",
  "model_short_name": "Llama-3.1-8B-Instruct",
  "repeats": 2,
  "throughput_tok_per_sec_mean": 690.7915042385252,
  "throughput_tok_per_sec_std": 5.712815644756176,
  "ttft_p50_ms_mean": 33.7446928024292,
  "ttft_p50_ms_std": 0.08082389831542969,
  "ttft_p99_ms_mean": 44.68177080154419,
  "ttft_p99_ms_std": 2.2277188301086426,
  "tpot_p50_ms_mean": 11.332540886074888,
  "tpot_p50_ms_std": 0.049261485829073415,
  "gpu_utilization_mean_mean": 99.65818710140005,
  "gpu_utilization_mean_std": 0.08010490961923011,
  "num_successful_mean": 200.0,
  "num_successful_std": 0.0,
  "runs": [
    {
      "num_requests": 200,
      "num_successful": 200,
      "num_failed": 0,
      "ttft_p50_ms": 33.66386890411377,
      "ttft_p95_ms": 41.08406305313108,
      "ttft_p99_ms": 46.90948963165283,
      "total_latency_p50_ms": 2934.9021911621094,
      "total_latency_p95_ms": 2944.323515892029,
      "total_latency_p99_ms": 2951.1095666885376,
      "tpot_p50_ms": 11.381802371903962,
      "tpot_p95_ms": 11.43722141490263,
      "tpot_p99_ms": 11.490653690410543,
      "throughput_tok_per_sec": 685.078688593769,
      "gpu_utilization_mean": 99.57808219178082,
      "gpu_utilization_p50": 100.0,
      "concurrency": 8,
      "wall_time_ms": 73060.27962267399,
      "model_id": "meta-llama/Llama-3.1-8B-Instruct",
      "model_short_name": "Llama-3.1-8B-Instruct"
    },
    {
      "num_requests": 200,
      "num_successful": 200,
      "num_failed": 0,
      "ttft_p50_ms": 33.82551670074463,
      "ttft_p95_ms": 40.91503620147704,
      "ttft_p99_ms": 42.45405197143555,
      "total_latency_p50_ms": 2910.11381149292,
      "total_latency_p95_ms": 2925.4250407218933,
      "total_latency_p99_ms": 2938.230438232422,
      "tpot_p50_ms": 11.283279400245815,
      "tpot_p95_ms": 11.346821710654632,
      "tpot_p99_ms": 11.393617723908875,
      "throughput_tok_per_sec": 696.5043198832814,
      "gpu_utilization_mean": 99.73829201101928,
      "gpu_utilization_p50": 100.0,
      "concurrency": 8,
      "wall_time_ms": 72680.43527752161,
      "model_id": "meta-llama/Llama-3.1-8B-Instruct",
      "model_short_name": "Llama-3.1-8B-Instruct"
    }
  ]
}