{
  "num_requests": 200,
  "num_successful": 200,
  "num_failed": 0,
  "ttft_p50_ms": 24.518370628356934,
  "ttft_p95_ms": 25.19608736038208,
  "ttft_p99_ms": 25.838978290557858,
  "total_latency_p50_ms": 2804.559111595154,
  "total_latency_p95_ms": 2807.9010128974915,
  "total_latency_p99_ms": 2809.69717502594,
  "tpot_p50_ms": 10.90406296299953,
  "tpot_p95_ms": 10.960092259124972,
  "tpot_p99_ms": 11.022813195897795,
  "throughput_tok_per_sec": 91.23051415331669,
  "gpu_utilization_mean": 99.83585392843969,
  "gpu_utilization_p50": 100.0,
  "concurrency": 1,
  "wall_time_ms": 544487.6353368163,
  "model_id": "meta-llama/Llama-3.1-8B-Instruct",
  "model_short_name": "Llama-3.1-8B-Instruct"
}