{
  "num_requests": 200,
  "num_successful": 200,
  "num_failed": 0,
  "ttft_p50_ms": 101.06110572814941,
  "ttft_p95_ms": 4856.370997428894,
  "ttft_p99_ms": 4856.41988992691,
  "total_latency_p50_ms": 4785.983204841614,
  "total_latency_p95_ms": 9494.236493110657,
  "total_latency_p99_ms": 9495.46338558197,
  "tpot_p50_ms": 18.243401174249335,
  "tpot_p95_ms": 18.451255957285564,
  "tpot_p99_ms": 18.479934073525563,
  "throughput_tok_per_sec": 5355.905474034589,
  "gpu_utilization_mean": 99.01052631578948,
  "gpu_utilization_p50": 100.0,
  "concurrency": 128,
  "wall_time_ms": 9531.69025760144,
  "model_id": "meta-llama/Llama-3.1-8B-Instruct",
  "model_short_name": "Llama-3.1-8B-Instruct"
}