{
  "num_requests": 200,
  "num_successful": 200.0,
  "num_failed": 0,
  "ttft_p50_ms": 26.814520359039307,
  "ttft_p95_ms": 34.89729166030884,
  "ttft_p99_ms": 30.78240394592285,
  "total_latency_p50_ms": 2808.5248470306396,
  "total_latency_p95_ms": 2817.3081278800964,
  "total_latency_p99_ms": 2818.546588420868,
  "tpot_p50_ms": 10.903494732052671,
  "tpot_p95_ms": 10.96490746910351,
  "tpot_p99_ms": 11.071841564561797,
  "throughput_tok_per_sec": 84.40448023429585,
  "gpu_utilization_mean": 92.49713877141093,
  "gpu_utilization_p50": 100.0,
  "concurrency": 1,
  "wall_time_ms": 641216.0691255704,
  "model_id": "meta-llama/Llama-3.1-8B-Instruct",
  "model_short_name": "Llama-3.1-8B-Instruct",
  "repeats": 2,
  "throughput_tok_per_sec_mean": 84.40448023429585,
  "throughput_tok_per_sec_std": 6.826033919020837,
  "ttft_p50_ms_mean": 26.814520359039307,
  "ttft_p50_ms_std": 2.296149730682373,
  "ttft_p99_ms_mean": 30.78240394592285,
  "ttft_p99_ms_std": 4.943425655364992,
  "tpot_p50_ms_mean": 10.903494732052671,
  "tpot_p50_ms_std": 0.0005682309468584279,
  "gpu_utilization_mean_mean": 92.49713877141093,
  "gpu_utilization_mean_std": 7.338715157028766,
  "num_successful_mean": 200.0,
  "num_successful_std": 0.0,
  "runs": [
    {
      "num_requests": 200,
      "num_successful": 200,
      "num_failed": 0,
      "ttft_p50_ms": 29.11067008972168,
      "ttft_p95_ms": 34.89729166030884,
      "ttft_p99_ms": 35.72582960128784,
      "total_latency_p50_ms": 2808.5248470306396,
      "total_latency_p95_ms": 2817.3081278800964,
      "total_latency_p99_ms": 2818.546588420868,
      "tpot_p50_ms": 10.902926501105814,
      "tpot_p95_ms": 10.96490746910351,
      "tpot_p99_ms": 11.071841564561797,
      "throughput_tok_per_sec": 77.57844631527502,
      "gpu_utilization_mean": 85.15842361438216,
      "gpu_utilization_p50": 100.0,
      "concurrency": 1,
      "wall_time_ms": 641216.0691255704,
      "model_id": "meta-llama/Llama-3.1-8B-Instruct",
      "model_short_name": "Llama-3.1-8B-Instruct"
    },
    {
      "num_requests": 200,
      "num_successful": 200,
      "num_failed": 0,
      "ttft_p50_ms": 24.518370628356934,
      "ttft_p95_ms": 25.19608736038208,
      "ttft_p99_ms": 25.838978290557858,
      "total_latency_p50_ms": 2804.559111595154,
      "total_latency_p95_ms": 2807.9010128974915,
      "total_latency_p99_ms": 2809.69717502594,
      "tpot_p50_ms": 10.90406296299953,
      "tpot_p95_ms": 10.960092259124972,
      "tpot_p99_ms": 11.022813195897795,
      "throughput_tok_per_sec": 91.23051415331669,
      "gpu_utilization_mean": 99.83585392843969,
      "gpu_utilization_p50": 100.0,
      "concurrency": 1,
      "wall_time_ms": 544487.6353368163,
      "model_id": "meta-llama/Llama-3.1-8B-Instruct",
      "model_short_name": "Llama-3.1-8B-Instruct"
    }
  ]
}