{
  "num_requests": 200,
  "num_successful": 200,
  "num_failed": 0,
  "ttft_p50_ms": 29.11067008972168,
  "ttft_p95_ms": 34.89729166030884,
  "ttft_p99_ms": 35.72582960128784,
  "total_latency_p50_ms": 2808.5248470306396,
  "total_latency_p95_ms": 2817.3081278800964,
  "total_latency_p99_ms": 2818.546588420868,
  "tpot_p50_ms": 10.902926501105814,
  "tpot_p95_ms": 10.96490746910351,
  "tpot_p99_ms": 11.071841564561797,
  "throughput_tok_per_sec": 77.57844631527502,
  "gpu_utilization_mean": 85.15842361438216,
  "gpu_utilization_p50": 100.0,
  "concurrency": 1,
  "wall_time_ms": 641216.0691255704,
  "model_id": "meta-llama/Llama-3.1-8B-Instruct",
  "model_short_name": "Llama-3.1-8B-Instruct"
}