{
  "num_requests": 200,
  "num_successful": 200,
  "num_failed": 0,
  "ttft_p50_ms": 1382.810115814209,
  "ttft_p95_ms": 4914.105796813965,
  "ttft_p99_ms": 4914.978640079498,
  "total_latency_p50_ms": 5097.207188606262,
  "total_latency_p95_ms": 9509.9001288414,
  "total_latency_p99_ms": 9511.200306415558,
  "tpot_p50_ms": 18.255833051693678,
  "tpot_p95_ms": 18.567040434070663,
  "tpot_p99_ms": 18.602750250251592,
  "throughput_tok_per_sec": 5244.682708733476,
  "gpu_utilization_mean": 98.56842105263158,
  "gpu_utilization_p50": 100.0,
  "concurrency": 256,
  "wall_time_ms": 9538.063650019467,
  "model_id": "meta-llama/Llama-3.1-8B-Instruct",
  "model_short_name": "Llama-3.1-8B-Instruct"
}