{
  "num_requests": 200,
  "num_successful": 200.0,
  "num_failed": 0,
  "ttft_p50_ms": 49.51423406600952,
  "ttft_p95_ms": 64.23169374465942,
  "ttft_p99_ms": 67.78754472732544,
  "total_latency_p50_ms": 3458.196997642517,
  "total_latency_p95_ms": 3511.0991954803467,
  "total_latency_p99_ms": 3513.613736629486,
  "tpot_p50_ms": 13.382739646762024,
  "tpot_p95_ms": 13.577439598008697,
  "tpot_p99_ms": 13.634692341673608,
  "throughput_tok_per_sec": 2155.16585948614,
  "gpu_utilization_mean": 99.53057030624863,
  "gpu_utilization_p50": 100.0,
  "concurrency": 32,
  "wall_time_ms": 23323.263933882117,
  "model_id": "meta-llama/Llama-3.1-8B-Instruct",
  "model_short_name": "Llama-3.1-8B-Instruct",
  "repeats": 2,
  "throughput_tok_per_sec_mean": 2155.16585948614,
  "throughput_tok_per_sec_std": 8.587873906719096,
  "ttft_p50_ms_mean": 49.51423406600952,
  "ttft_p50_ms_std": 0.1150965690612793,
  "ttft_p99_ms_mean": 67.78754472732544,
  "ttft_p99_ms_std": 3.0501508712768555,
  "tpot_p50_ms_mean": 13.382739646762024,
  "tpot_p50_ms_std": 0.005991318646598742,
  "gpu_utilization_mean_mean": 99.53057030624863,
  "gpu_utilization_mean_std": 0.05417545646322708,
  "num_successful_mean": 200.0,
  "num_successful_std": 0.0,
  "runs": [
    {
      "num_requests": 200,
      "num_successful": 200,
      "num_failed": 0,
      "ttft_p50_ms": 49.39913749694824,
      "ttft_p95_ms": 64.23169374465942,
      "ttft_p99_ms": 64.73739385604858,
      "total_latency_p50_ms": 3458.196997642517,
      "total_latency_p95_ms": 3511.0991954803467,
      "total_latency_p99_ms": 3513.613736629486,
      "tpot_p50_ms": 13.376748328115426,
      "tpot_p95_ms": 13.577439598008697,
      "tpot_p99_ms": 13.634692341673608,
      "throughput_tok_per_sec": 2163.7537333928594,
      "gpu_utilization_mean": 99.47639484978541,
      "gpu_utilization_p50": 100.0,
      "concurrency": 32,
      "wall_time_ms": 23323.263933882117,
      "model_id": "meta-llama/Llama-3.1-8B-Instruct",
      "model_short_name": "Llama-3.1-8B-Instruct"
    },
    {
      "num_requests": 200,
      "num_successful": 200,
      "num_failed": 0,
      "ttft_p50_ms": 49.6293306350708,
      "ttft_p95_ms": 70.16899585723877,
      "ttft_p99_ms": 70.8376955986023,
      "total_latency_p50_ms": 3463.3991718292236,
      "total_latency_p95_ms": 3469.3740725517273,
      "total_latency_p99_ms": 3478.077492713928,
      "tpot_p50_ms": 13.388730965408623,
      "tpot_p95_ms": 13.450495776008157,
      "tpot_p99_ms": 13.49844097623638,
      "throughput_tok_per_sec": 2146.5779855794212,
      "gpu_utilization_mean": 99.58474576271186,
      "gpu_utilization_p50": 100.0,
      "concurrency": 32,
      "wall_time_ms": 23592.42317918688,
      "model_id": "meta-llama/Llama-3.1-8B-Instruct",
      "model_short_name": "Llama-3.1-8B-Instruct"
    }
  ]
}