{
  "num_requests": 200,
  "num_successful": 200.0,
  "num_failed": 0,
  "ttft_p50_ms": 1052.8225302696228,
  "ttft_p95_ms": 4914.105796813965,
  "ttft_p99_ms": 4907.843421697617,
  "total_latency_p50_ms": 5097.207188606262,
  "total_latency_p95_ms": 9509.9001288414,
  "total_latency_p99_ms": 9511.200306415558,
  "tpot_p50_ms": 18.082731745064795,
  "tpot_p95_ms": 18.567040434070663,
  "tpot_p99_ms": 18.602750250251592,
  "throughput_tok_per_sec": 5214.017917123273,
  "gpu_utilization_mean": 98.44210526315788,
  "gpu_utilization_p50": 100.0,
  "concurrency": 256,
  "wall_time_ms": 9538.063650019467,
  "model_id": "meta-llama/Llama-3.1-8B-Instruct",
  "model_short_name": "Llama-3.1-8B-Instruct",
  "repeats": 2,
  "throughput_tok_per_sec_mean": 5214.017917123273,
  "throughput_tok_per_sec_std": 30.664791610202883,
  "ttft_p50_ms_mean": 1052.8225302696228,
  "ttft_p50_ms_std": 329.9875855445862,
  "ttft_p99_ms_mean": 4907.843421697617,
  "ttft_p99_ms_std": 7.135218381881714,
  "tpot_p50_ms_mean": 18.082731745064795,
  "tpot_p50_ms_std": 0.17310130662888312,
  "gpu_utilization_mean_mean": 98.44210526315788,
  "gpu_utilization_mean_std": 0.12631578947368638,
  "num_successful_mean": 200.0,
  "num_successful_std": 0.0,
  "runs": [
    {
      "num_requests": 200,
      "num_successful": 200,
      "num_failed": 0,
      "ttft_p50_ms": 1382.810115814209,
      "ttft_p95_ms": 4914.105796813965,
      "ttft_p99_ms": 4914.978640079498,
      "total_latency_p50_ms": 5097.207188606262,
      "total_latency_p95_ms": 9509.9001288414,
      "total_latency_p99_ms": 9511.200306415558,
      "tpot_p50_ms": 18.255833051693678,
      "tpot_p95_ms": 18.567040434070663,
      "tpot_p99_ms": 18.602750250251592,
      "throughput_tok_per_sec": 5244.682708733476,
      "gpu_utilization_mean": 98.56842105263158,
      "gpu_utilization_p50": 100.0,
      "concurrency": 256,
      "wall_time_ms": 9538.063650019467,
      "model_id": "meta-llama/Llama-3.1-8B-Instruct",
      "model_short_name": "Llama-3.1-8B-Instruct"
    },
    {
      "num_requests": 200,
      "num_successful": 200,
      "num_failed": 0,
      "ttft_p50_ms": 722.8349447250366,
      "ttft_p95_ms": 4900.453662872314,
      "ttft_p99_ms": 4900.708203315735,
      "total_latency_p50_ms": 5249.7124671936035,
      "total_latency_p95_ms": 9520.378386974335,
      "total_latency_p99_ms": 9521.713473796844,
      "tpot_p50_ms": 17.90963043843591,
      "tpot_p95_ms": 18.20983278985117,
      "tpot_p99_ms": 18.38114588279424,
      "throughput_tok_per_sec": 5183.35312551307,
      "gpu_utilization_mean": 98.3157894736842,
      "gpu_utilization_p50": 100.0,
      "concurrency": 256,
      "wall_time_ms": 9548.634129576385,
      "model_id": "meta-llama/Llama-3.1-8B-Instruct",
      "model_short_name": "Llama-3.1-8B-Instruct"
    }
  ]
}