{
  "num_requests": 200,
  "num_successful": 200.0,
  "num_failed": 0,
  "ttft_p50_ms": 77.71503925323486,
  "ttft_p95_ms": 444.1162705421448,
  "ttft_p99_ms": 269.5322799682617,
  "total_latency_p50_ms": 4185.435175895691,
  "total_latency_p95_ms": 4580.605244636536,
  "total_latency_p99_ms": 4581.939280033112,
  "tpot_p50_ms": 16.084929774789252,
  "tpot_p95_ms": 16.32738634357302,
  "tpot_p99_ms": 16.996941026836755,
  "throughput_tok_per_sec": 3347.64594817401,
  "gpu_utilization_mean": 98.79285578386606,
  "gpu_utilization_p50": 100.0,
  "concurrency": 64,
  "wall_time_ms": 14757.496003061533,
  "model_id": "meta-llama/Llama-3.1-8B-Instruct",
  "model_short_name": "Llama-3.1-8B-Instruct",
  "repeats": 2,
  "throughput_tok_per_sec_mean": 3347.64594817401,
  "throughput_tok_per_sec_std": 25.46917583541517,
  "ttft_p50_ms_mean": 77.71503925323486,
  "ttft_p50_ms_std": 11.646032333374023,
  "ttft_p99_ms_mean": 269.5322799682617,
  "ttft_p99_ms_std": 175.28133869171143,
  "tpot_p50_ms_mean": 16.084929774789252,
  "tpot_p50_ms_std": 0.012861279880299392,
  "gpu_utilization_mean_mean": 98.79285578386606,
  "gpu_utilization_mean_std": 0.5359113394216166,
  "num_successful_mean": 200.0,
  "num_successful_std": 0.0,
  "runs": [
    {
      "num_requests": 200,
      "num_successful": 200,
      "num_failed": 0,
      "ttft_p50_ms": 89.36107158660889,
      "ttft_p95_ms": 444.1162705421448,
      "ttft_p99_ms": 444.81361865997314,
      "total_latency_p50_ms": 4185.435175895691,
      "total_latency_p95_ms": 4580.605244636536,
      "total_latency_p99_ms": 4581.939280033112,
      "tpot_p50_ms": 16.07206849490895,
      "tpot_p95_ms": 16.32738634357302,
      "tpot_p99_ms": 16.996941026836755,
      "throughput_tok_per_sec": 3373.115124009425,
      "gpu_utilization_mean": 99.32876712328768,
      "gpu_utilization_p50": 100.0,
      "concurrency": 64,
      "wall_time_ms": 14757.496003061533,
      "model_id": "meta-llama/Llama-3.1-8B-Instruct",
      "model_short_name": "Llama-3.1-8B-Instruct"
    },
    {
      "num_requests": 200,
      "num_successful": 200,
      "num_failed": 0,
      "ttft_p50_ms": 66.06900691986084,
      "ttft_p95_ms": 91.65692329406738,
      "ttft_p99_ms": 94.2509412765503,
      "total_latency_p50_ms": 4172.339558601379,
      "total_latency_p95_ms": 4187.4621868133545,
      "total_latency_p99_ms": 4190.68615436554,
      "tpot_p50_ms": 16.09779105466955,
      "tpot_p95_ms": 16.174556975271187,
      "tpot_p99_ms": 16.251957912071077,
      "throughput_tok_per_sec": 3322.1767723385947,
      "gpu_utilization_mean": 98.25694444444444,
      "gpu_utilization_p50": 100.0,
      "concurrency": 64,
      "wall_time_ms": 15170.46695202589,
      "model_id": "meta-llama/Llama-3.1-8B-Instruct",
      "model_short_name": "Llama-3.1-8B-Instruct"
    }
  ]
}