{
  "num_requests": 200,
  "num_successful": 200.0,
  "num_failed": 0,
  "ttft_p50_ms": 89.63316679000854,
  "ttft_p95_ms": 174.12335872650146,
  "ttft_p99_ms": 165.45363187789917,
  "total_latency_p50_ms": 4152.199149131775,
  "total_latency_p95_ms": 4249.355685710907,
  "total_latency_p99_ms": 4253.8910937309265,
  "tpot_p50_ms": 15.993988513946533,
  "tpot_p95_ms": 16.038622856140137,
  "tpot_p99_ms": 16.046884882683848,
  "throughput_tok_per_sec": 3318.5424428466176,
  "gpu_utilization_mean": 99.47561793045665,
  "gpu_utilization_p50": 100.0,
  "engine": "vllm",
  "concurrency": 64,
  "wall_time_ms": 15415.253835730255,
  "model_id": "meta-llama/Llama-3.1-8B-Instruct",
  "model_short_name": "Llama-3.1-8B-Instruct",
  "repeats": 2,
  "throughput_tok_per_sec_mean": 3318.5424428466176,
  "throughput_tok_per_sec_std": 7.586182368844903,
  "ttft_p50_ms_mean": 89.63316679000854,
  "ttft_p50_ms_std": 11.064350605010986,
  "ttft_p99_ms_mean": 165.45363187789917,
  "ttft_p99_ms_std": 11.0941481590271,
  "tpot_p50_ms_mean": 15.993988513946533,
  "tpot_p50_ms_std": 0.03028687308816469,
  "gpu_utilization_mean_mean": 99.47561793045665,
  "gpu_utilization_mean_std": 0.034059488898201096,
  "num_successful_mean": 200.0,
  "num_successful_std": 0.0,
  "runs": [
    {
      "num_requests": 200,
      "num_successful": 200,
      "num_failed": 0,
      "ttft_p50_ms": 78.56881618499756,
      "ttft_p95_ms": 174.12335872650146,
      "ttft_p99_ms": 176.54778003692627,
      "total_latency_p50_ms": 4152.199149131775,
      "total_latency_p95_ms": 4249.355685710907,
      "total_latency_p99_ms": 4253.8910937309265,
      "tpot_p50_ms": 15.96370164085837,
      "tpot_p95_ms": 16.038622856140137,
      "tpot_p99_ms": 16.046884882683848,
      "throughput_tok_per_sec": 3326.1286252154623,
      "gpu_utilization_mean": 99.44155844155844,
      "gpu_utilization_p50": 100.0,
      "engine": "vllm",
      "concurrency": 64,
      "wall_time_ms": 15415.253835730255,
      "model_id": "meta-llama/Llama-3.1-8B-Instruct",
      "model_short_name": "Llama-3.1-8B-Instruct"
    },
    {
      "num_requests": 200,
      "num_successful": 200,
      "num_failed": 0,
      "ttft_p50_ms": 100.69751739501953,
      "ttft_p95_ms": 153.40656042099,
      "ttft_p99_ms": 154.35948371887207,
      "total_latency_p50_ms": 4187.254190444946,
      "total_latency_p95_ms": 4245.958745479584,
      "total_latency_p99_ms": 4250.062127113342,
      "tpot_p50_ms": 16.0242753870347,
      "tpot_p95_ms": 16.080415108624624,
      "tpot_p99_ms": 16.09499469457888,
      "throughput_tok_per_sec": 3310.9562604777725,
      "gpu_utilization_mean": 99.50967741935484,
      "gpu_utilization_p50": 100.0,
      "engine": "vllm",
      "concurrency": 64,
      "wall_time_ms": 15482.268040068448,
      "model_id": "meta-llama/Llama-3.1-8B-Instruct",
      "model_short_name": "Llama-3.1-8B-Instruct"
    }
  ]
}