{
  "num_requests": 200,
  "num_successful": 200,
  "num_failed": 0,
  "ttft_p50_ms": 66.2919282913208,
  "ttft_p95_ms": 99.00070428848267,
  "ttft_p99_ms": 99.58955764770508,
  "total_latency_p50_ms": 3469.102382659912,
  "total_latency_p95_ms": 3496.707534790039,
  "total_latency_p99_ms": 3500.989694595337,
  "tpot_p50_ms": 13.326613575804467,
  "tpot_p95_ms": 13.38808443032059,
  "tpot_p99_ms": 13.400032576392679,
  "throughput_tok_per_sec": 2155.6455255404435,
  "gpu_utilization_mean": 99.54430379746836,
  "gpu_utilization_p50": 100.0,
  "engine": "vllm",
  "concurrency": 32,
  "wall_time_ms": 23769.997517578304,
  "model_id": "meta-llama/Llama-3.1-8B-Instruct",
  "model_short_name": "Llama-3.1-8B-Instruct"
}