{
  "num_requests": 200,
  "num_successful": 200.0,
  "num_failed": 0,
  "ttft_p50_ms": 20.16812562942505,
  "ttft_p95_ms": 23.610818386077877,
  "ttft_p99_ms": 25.93419194221496,
  "total_latency_p50_ms": 2826.6830444335938,
  "total_latency_p95_ms": 2829.9447536468506,
  "total_latency_p99_ms": 2831.8380546569824,
  "tpot_p50_ms": 11.009097333047904,
  "tpot_p95_ms": 11.016533982520011,
  "tpot_p99_ms": 11.020679978763356,
  "throughput_tok_per_sec": 90.51249761015063,
  "gpu_utilization_mean": 99.62407625042171,
  "gpu_utilization_p50": 100.0,
  "engine": "vllm",
  "concurrency": 1,
  "wall_time_ms": 565521.2180418894,
  "model_id": "meta-llama/Llama-3.1-8B-Instruct",
  "model_short_name": "Llama-3.1-8B-Instruct",
  "repeats": 2,
  "throughput_tok_per_sec_mean": 90.51249761015063,
  "throughput_tok_per_sec_std": 0.026844789742192177,
  "ttft_p50_ms_mean": 20.16812562942505,
  "ttft_p50_ms_std": 0.7727742195129395,
  "ttft_p99_ms_mean": 25.93419194221496,
  "ttft_p99_ms_std": 1.1559164524078351,
  "tpot_p50_ms_mean": 11.009097333047904,
  "tpot_p50_ms_std": 0.0005719708461384698,
  "gpu_utilization_mean_mean": 99.62407625042171,
  "gpu_utilization_mean_std": 0.021801503665002997,
  "num_successful_mean": 200.0,
  "num_successful_std": 0.0,
  "runs": [
    {
      "num_requests": 200,
      "num_successful": 200,
      "num_failed": 0,
      "ttft_p50_ms": 19.39535140991211,
      "ttft_p95_ms": 23.610818386077877,
      "ttft_p99_ms": 24.778275489807125,
      "total_latency_p50_ms": 2826.6830444335938,
      "total_latency_p95_ms": 2829.9447536468506,
      "total_latency_p99_ms": 2831.8380546569824,
      "tpot_p50_ms": 11.008525362201766,
      "tpot_p95_ms": 11.016533982520011,
      "tpot_p99_ms": 11.020679978763356,
      "throughput_tok_per_sec": 90.53934239989282,
      "gpu_utilization_mean": 99.64587775408671,
      "gpu_utilization_p50": 100.0,
      "engine": "vllm",
      "concurrency": 1,
      "wall_time_ms": 565521.2180418894,
      "model_id": "meta-llama/Llama-3.1-8B-Instruct",
      "model_short_name": "Llama-3.1-8B-Instruct"
    },
    {
      "num_requests": 200,
      "num_successful": 200,
      "num_failed": 0,
      "ttft_p50_ms": 20.94089984893799,
      "ttft_p95_ms": 25.09821653366089,
      "ttft_p99_ms": 27.090108394622796,
      "total_latency_p50_ms": 2828.2883167266846,
      "total_latency_p95_ms": 2832.0550680160522,
      "total_latency_p99_ms": 2833.969669342041,
      "tpot_p50_ms": 11.009669303894043,
      "tpot_p95_ms": 11.017168035694196,
      "tpot_p99_ms": 11.021150383294799,
      "throughput_tok_per_sec": 90.48565282040843,
      "gpu_utilization_mean": 99.6022747467567,
      "gpu_utilization_p50": 100.0,
      "engine": "vllm",
      "concurrency": 1,
      "wall_time_ms": 565868.5732195154,
      "model_id": "meta-llama/Llama-3.1-8B-Instruct",
      "model_short_name": "Llama-3.1-8B-Instruct"
    }
  ]
}