{
  "num_requests": 200,
  "num_successful": 200.0,
  "num_failed": 0,
  "ttft_p50_ms": 38.46222162246704,
  "ttft_p95_ms": 45.506203174591064,
  "ttft_p99_ms": 49.1605496406555,
  "total_latency_p50_ms": 2914.4577980041504,
  "total_latency_p95_ms": 2925.1598954200745,
  "total_latency_p99_ms": 2930.6166887283325,
  "tpot_p50_ms": 11.286375803105972,
  "tpot_p95_ms": 11.322519358466653,
  "tpot_p99_ms": 11.334371491974476,
  "throughput_tok_per_sec": 700.2204617724723,
  "gpu_utilization_mean": 99.92354343066401,
  "gpu_utilization_p50": 100.0,
  "engine": "vllm",
  "concurrency": 8,
  "wall_time_ms": 72935.19426416606,
  "model_id": "meta-llama/Llama-3.1-8B-Instruct",
  "model_short_name": "Llama-3.1-8B-Instruct",
  "repeats": 2,
  "throughput_tok_per_sec_mean": 700.2204617724723,
  "throughput_tok_per_sec_std": 1.936348225757115,
  "ttft_p50_ms_mean": 38.46222162246704,
  "ttft_p50_ms_std": 3.227531909942627,
  "ttft_p99_ms_mean": 49.1605496406555,
  "ttft_p99_ms_std": 0.09964704513549094,
  "tpot_p50_ms_mean": 11.286375803105972,
  "tpot_p50_ms_std": 0.00170095294129613,
  "gpu_utilization_mean_mean": 99.92354343066401,
  "gpu_utilization_mean_std": 0.005735211485919932,
  "num_successful_mean": 200.0,
  "num_successful_std": 0.0,
  "runs": [
    {
      "num_requests": 200,
      "num_successful": 200,
      "num_failed": 0,
      "ttft_p50_ms": 35.234689712524414,
      "ttft_p95_ms": 45.506203174591064,
      "ttft_p99_ms": 49.06090259552001,
      "total_latency_p50_ms": 2914.4577980041504,
      "total_latency_p95_ms": 2925.1598954200745,
      "total_latency_p99_ms": 2930.6166887283325,
      "tpot_p50_ms": 11.284674850164675,
      "tpot_p95_ms": 11.322519358466653,
      "tpot_p99_ms": 11.334371491974476,
      "throughput_tok_per_sec": 702.1568099982294,
      "gpu_utilization_mean": 99.92927864214992,
      "gpu_utilization_p50": 100.0,
      "engine": "vllm",
      "concurrency": 8,
      "wall_time_ms": 72935.19426416606,
      "model_id": "meta-llama/Llama-3.1-8B-Instruct",
      "model_short_name": "Llama-3.1-8B-Instruct"
    },
    {
      "num_requests": 200,
      "num_successful": 200,
      "num_failed": 0,
      "ttft_p50_ms": 41.68975353240967,
      "ttft_p95_ms": 48.06798696517944,
      "ttft_p99_ms": 49.260196685790994,
      "total_latency_p50_ms": 2920.4334020614624,
      "total_latency_p95_ms": 2930.6296467781067,
      "total_latency_p99_ms": 2960.7075572013855,
      "tpot_p50_ms": 11.288076756047268,
      "tpot_p95_ms": 11.3287763969571,
      "tpot_p99_ms": 11.472801760131237,
      "throughput_tok_per_sec": 698.2841135467152,
      "gpu_utilization_mean": 99.91780821917808,
      "gpu_utilization_p50": 100.0,
      "engine": "vllm",
      "concurrency": 8,
      "wall_time_ms": 73103.19370869547,
      "model_id": "meta-llama/Llama-3.1-8B-Instruct",
      "model_short_name": "Llama-3.1-8B-Instruct"
    }
  ]
}