{
  "num_requests": 200,
  "num_successful": 200.0,
  "num_failed": 0,
  "ttft_p50_ms": 223.1290340423584,
  "ttft_p95_ms": 5082.1340799331665,
  "ttft_p99_ms": 5001.14594578743,
  "total_latency_p50_ms": 4969.428658485413,
  "total_latency_p95_ms": 9726.149141788483,
  "total_latency_p99_ms": 9729.052929878235,
  "tpot_p50_ms": 18.184084985770433,
  "tpot_p95_ms": 18.264643351236977,
  "tpot_p99_ms": 18.27829931296554,
  "throughput_tok_per_sec": 5292.823358593765,
  "gpu_utilization_mean": 97.42708333333333,
  "gpu_utilization_p50": 100.0,
  "engine": "vllm",
  "concurrency": 128,
  "wall_time_ms": 9790.00592790544,
  "model_id": "meta-llama/Llama-3.1-8B-Instruct",
  "model_short_name": "Llama-3.1-8B-Instruct",
  "repeats": 2,
  "throughput_tok_per_sec_mean": 5292.823358593765,
  "throughput_tok_per_sec_std": 54.704471049410586,
  "ttft_p50_ms_mean": 223.1290340423584,
  "ttft_p50_ms_std": 89.12909030914307,
  "ttft_p99_ms_mean": 5001.14594578743,
  "ttft_p99_ms_std": 81.52897477149963,
  "tpot_p50_ms_mean": 18.184084985770433,
  "tpot_p50_ms_std": 0.024230807435278834,
  "gpu_utilization_mean_mean": 97.42708333333333,
  "gpu_utilization_mean_std": 1.03125,
  "num_successful_mean": 200.0,
  "num_successful_std": 0.0,
  "runs": [
    {
      "num_requests": 200,
      "num_successful": 200,
      "num_failed": 0,
      "ttft_p50_ms": 312.25812435150146,
      "ttft_p95_ms": 5082.1340799331665,
      "ttft_p99_ms": 5082.674920558929,
      "total_latency_p50_ms": 4969.428658485413,
      "total_latency_p95_ms": 9726.149141788483,
      "total_latency_p99_ms": 9729.052929878235,
      "tpot_p50_ms": 18.159854178335152,
      "tpot_p95_ms": 18.264643351236977,
      "tpot_p99_ms": 18.27829931296554,
      "throughput_tok_per_sec": 5238.118887544354,
      "gpu_utilization_mean": 96.39583333333333,
      "gpu_utilization_p50": 100.0,
      "engine": "vllm",
      "concurrency": 128,
      "wall_time_ms": 9790.00592790544,
      "model_id": "meta-llama/Llama-3.1-8B-Instruct",
      "model_short_name": "Llama-3.1-8B-Instruct"
    },
    {
      "num_requests": 200,
      "num_successful": 200,
      "num_failed": 0,
      "ttft_p50_ms": 133.99994373321533,
      "ttft_p95_ms": 4888.6974930763245,
      "ttft_p99_ms": 4919.61697101593,
      "total_latency_p50_ms": 4800.342917442322,
      "total_latency_p95_ms": 9542.522501945496,
      "total_latency_p99_ms": 9560.35185098648,
      "tpot_p50_ms": 18.20831579320571,
      "tpot_p95_ms": 18.28681137047562,
      "tpot_p99_ms": 18.317278815250774,
      "throughput_tok_per_sec": 5347.527829643175,
      "gpu_utilization_mean": 98.45833333333333,
      "gpu_utilization_p50": 100.0,
      "engine": "vllm",
      "concurrency": 128,
      "wall_time_ms": 9585.707905702293,
      "model_id": "meta-llama/Llama-3.1-8B-Instruct",
      "model_short_name": "Llama-3.1-8B-Instruct"
    }
  ]
}