{
  "num_requests": 200,
  "num_successful": 200,
  "num_failed": 0,
  "ttft_p50_ms": 20.94089984893799,
  "ttft_p95_ms": 25.09821653366089,
  "ttft_p99_ms": 27.090108394622796,
  "total_latency_p50_ms": 2828.2883167266846,
  "total_latency_p95_ms": 2832.0550680160522,
  "total_latency_p99_ms": 2833.969669342041,
  "tpot_p50_ms": 11.009669303894043,
  "tpot_p95_ms": 11.017168035694196,
  "tpot_p99_ms": 11.021150383294799,
  "throughput_tok_per_sec": 90.48565282040843,
  "gpu_utilization_mean": 99.6022747467567,
  "gpu_utilization_p50": 100.0,
  "engine": "vllm",
  "concurrency": 1,
  "wall_time_ms": 565868.5732195154,
  "model_id": "meta-llama/Llama-3.1-8B-Instruct",
  "model_short_name": "Llama-3.1-8B-Instruct"
}