{
  "num_requests": 200,
  "num_successful": 200.0,
  "num_failed": 0,
  "ttft_p50_ms": 67.7000880241394,
  "ttft_p95_ms": 106.33918046951294,
  "ttft_p99_ms": 103.33176374435425,
  "total_latency_p50_ms": 3472.305178642273,
  "total_latency_p95_ms": 3504.7072887420654,
  "total_latency_p99_ms": 3506.7558693885803,
  "tpot_p50_ms": 13.330354877546721,
  "tpot_p95_ms": 13.391794457155115,
  "tpot_p99_ms": 13.403819018719243,
  "throughput_tok_per_sec": 2157.2321227616994,
  "gpu_utilization_mean": 99.57383966244726,
  "gpu_utilization_p50": 100.0,
  "engine": "vllm",
  "concurrency": 32,
  "wall_time_ms": 23734.58855971694,
  "model_id": "meta-llama/Llama-3.1-8B-Instruct",
  "model_short_name": "Llama-3.1-8B-Instruct",
  "repeats": 2,
  "throughput_tok_per_sec_mean": 2157.2321227616994,
  "throughput_tok_per_sec_std": 1.5865972212559427,
  "ttft_p50_ms_mean": 67.7000880241394,
  "ttft_p50_ms_std": 1.4081597328186035,
  "ttft_p99_ms_mean": 103.33176374435425,
  "ttft_p99_ms_std": 3.74220609664917,
  "tpot_p50_ms_mean": 13.330354877546721,
  "tpot_p50_ms_std": 0.0037413017422549544,
  "gpu_utilization_mean_mean": 99.57383966244726,
  "gpu_utilization_mean_std": 0.029535864978903703,
  "num_successful_mean": 200.0,
  "num_successful_std": 0.0,
  "runs": [
    {
      "num_requests": 200,
      "num_successful": 200,
      "num_failed": 0,
      "ttft_p50_ms": 69.10824775695801,
      "ttft_p95_ms": 106.33918046951294,
      "ttft_p99_ms": 107.07396984100342,
      "total_latency_p50_ms": 3472.305178642273,
      "total_latency_p95_ms": 3504.7072887420654,
      "total_latency_p99_ms": 3506.7558693885803,
      "tpot_p50_ms": 13.334096179288977,
      "tpot_p95_ms": 13.391794457155115,
      "tpot_p99_ms": 13.403819018719243,
      "throughput_tok_per_sec": 2158.8187199829554,
      "gpu_utilization_mean": 99.60337552742617,
      "gpu_utilization_p50": 100.0,
      "engine": "vllm",
      "concurrency": 32,
      "wall_time_ms": 23734.58855971694,
      "model_id": "meta-llama/Llama-3.1-8B-Instruct",
      "model_short_name": "Llama-3.1-8B-Instruct"
    },
    {
      "num_requests": 200,
      "num_successful": 200,
      "num_failed": 0,
      "ttft_p50_ms": 66.2919282913208,
      "ttft_p95_ms": 99.00070428848267,
      "ttft_p99_ms": 99.58955764770508,
      "total_latency_p50_ms": 3469.102382659912,
      "total_latency_p95_ms": 3496.707534790039,
      "total_latency_p99_ms": 3500.989694595337,
      "tpot_p50_ms": 13.326613575804467,
      "tpot_p95_ms": 13.38808443032059,
      "tpot_p99_ms": 13.400032576392679,
      "throughput_tok_per_sec": 2155.6455255404435,
      "gpu_utilization_mean": 99.54430379746836,
      "gpu_utilization_p50": 100.0,
      "engine": "vllm",
      "concurrency": 32,
      "wall_time_ms": 23769.997517578304,
      "model_id": "meta-llama/Llama-3.1-8B-Instruct",
      "model_short_name": "Llama-3.1-8B-Instruct"
    }
  ]
}