{
  "num_requests": 200,
  "num_successful": 200.0,
  "num_failed": 0,
  "ttft_p50_ms": 2130.3574442863464,
  "ttft_p95_ms": 4957.673132419586,
  "ttft_p99_ms": 4958.276752233505,
  "total_latency_p50_ms": 7127.081036567688,
  "total_latency_p95_ms": 9562.793338298798,
  "total_latency_p99_ms": 9563.93125295639,
  "tpot_p50_ms": 18.170126045451447,
  "tpot_p95_ms": 18.263167680478563,
  "tpot_p99_ms": 18.27672522675757,
  "throughput_tok_per_sec": 5337.958473556318,
  "gpu_utilization_mean": 98.71875,
  "gpu_utilization_p50": 100.0,
  "engine": "vllm",
  "concurrency": 256,
  "wall_time_ms": 9598.763342946768,
  "model_id": "meta-llama/Llama-3.1-8B-Instruct",
  "model_short_name": "Llama-3.1-8B-Instruct",
  "repeats": 2,
  "throughput_tok_per_sec_mean": 5337.958473556318,
  "throughput_tok_per_sec_std": 3.835118557757596,
  "ttft_p50_ms_mean": 2130.3574442863464,
  "ttft_p50_ms_std": 389.05030488967896,
  "ttft_p99_ms_mean": 4958.276752233505,
  "ttft_p99_ms_std": 0.39447903633117676,
  "tpot_p50_ms_mean": 18.170126045451447,
  "tpot_p50_ms_std": 0.01379251480102539,
  "gpu_utilization_mean_mean": 98.71875,
  "gpu_utilization_mean_std": 0.010416666666671404,
  "num_successful_mean": 200.0,
  "num_successful_std": 0.0,
  "runs": [
    {
      "num_requests": 200,
      "num_successful": 200,
      "num_failed": 0,
      "ttft_p50_ms": 2519.4077491760254,
      "ttft_p95_ms": 4957.673132419586,
      "ttft_p99_ms": 4957.882273197174,
      "total_latency_p50_ms": 7127.081036567688,
      "total_latency_p95_ms": 9562.793338298798,
      "total_latency_p99_ms": 9563.93125295639,
      "tpot_p50_ms": 18.15633353065042,
      "tpot_p95_ms": 18.263167680478563,
      "tpot_p99_ms": 18.27672522675757,
      "throughput_tok_per_sec": 5341.793592114075,
      "gpu_utilization_mean": 98.72916666666667,
      "gpu_utilization_p50": 100.0,
      "engine": "vllm",
      "concurrency": 256,
      "wall_time_ms": 9598.763342946768,
      "model_id": "meta-llama/Llama-3.1-8B-Instruct",
      "model_short_name": "Llama-3.1-8B-Instruct"
    },
    {
      "num_requests": 200,
      "num_successful": 200,
      "num_failed": 0,
      "ttft_p50_ms": 1741.3071393966675,
      "ttft_p95_ms": 4958.174097537994,
      "ttft_p99_ms": 4958.671231269836,
      "total_latency_p50_ms": 6351.81450843811,
      "total_latency_p95_ms": 9570.623135566711,
      "total_latency_p99_ms": 9572.704277038574,
      "tpot_p50_ms": 18.183918560252472,
      "tpot_p95_ms": 18.248271287656298,
      "tpot_p99_ms": 18.256894560421213,
      "throughput_tok_per_sec": 5334.12335499856,
      "gpu_utilization_mean": 98.70833333333333,
      "gpu_utilization_p50": 100.0,
      "engine": "vllm",
      "concurrency": 256,
      "wall_time_ms": 9597.6437414065,
      "model_id": "meta-llama/Llama-3.1-8B-Instruct",
      "model_short_name": "Llama-3.1-8B-Instruct"
    }
  ]
}