{
  "num_requests": 200,
  "num_successful": 200,
  "num_failed": 0,
  "ttft_p50_ms": 19.39535140991211,
  "ttft_p95_ms": 23.610818386077877,
  "ttft_p99_ms": 24.778275489807125,
  "total_latency_p50_ms": 2826.6830444335938,
  "total_latency_p95_ms": 2829.9447536468506,
  "total_latency_p99_ms": 2831.8380546569824,
  "tpot_p50_ms": 11.008525362201766,
  "tpot_p95_ms": 11.016533982520011,
  "tpot_p99_ms": 11.020679978763356,
  "throughput_tok_per_sec": 90.53934239989282,
  "gpu_utilization_mean": 99.64587775408671,
  "gpu_utilization_p50": 100.0,
  "engine": "vllm",
  "concurrency": 1,
  "wall_time_ms": 565521.2180418894,
  "model_id": "meta-llama/Llama-3.1-8B-Instruct",
  "model_short_name": "Llama-3.1-8B-Instruct"
}