{
  "num_requests": 200,
  "num_successful": 200,
  "num_failed": 0,
  "ttft_p50_ms": 35.234689712524414,
  "ttft_p95_ms": 45.506203174591064,
  "ttft_p99_ms": 49.06090259552001,
  "total_latency_p50_ms": 2914.4577980041504,
  "total_latency_p95_ms": 2925.1598954200745,
  "total_latency_p99_ms": 2930.6166887283325,
  "tpot_p50_ms": 11.284674850164675,
  "tpot_p95_ms": 11.322519358466653,
  "tpot_p99_ms": 11.334371491974476,
  "throughput_tok_per_sec": 702.1568099982294,
  "gpu_utilization_mean": 99.92927864214992,
  "gpu_utilization_p50": 100.0,
  "engine": "vllm",
  "concurrency": 8,
  "wall_time_ms": 72935.19426416606,
  "model_id": "meta-llama/Llama-3.1-8B-Instruct",
  "model_short_name": "Llama-3.1-8B-Instruct"
}