{
  "num_requests": 200,
  "num_successful": 200,
  "num_failed": 0,
  "ttft_p50_ms": 312.25812435150146,
  "ttft_p95_ms": 5082.1340799331665,
  "ttft_p99_ms": 5082.674920558929,
  "total_latency_p50_ms": 4969.428658485413,
  "total_latency_p95_ms": 9726.149141788483,
  "total_latency_p99_ms": 9729.052929878235,
  "tpot_p50_ms": 18.159854178335152,
  "tpot_p95_ms": 18.264643351236977,
  "tpot_p99_ms": 18.27829931296554,
  "throughput_tok_per_sec": 5238.118887544354,
  "gpu_utilization_mean": 96.39583333333333,
  "gpu_utilization_p50": 100.0,
  "engine": "vllm",
  "concurrency": 128,
  "wall_time_ms": 9790.00592790544,
  "model_id": "meta-llama/Llama-3.1-8B-Instruct",
  "model_short_name": "Llama-3.1-8B-Instruct"
}